term,score
印度人,0.7658025869583427
用餐,0.5585836652735767
