term,score
專業,0.3244773457420617
友善,0.19389633717469415
