term,score
專業,0.3258040153789034
友善,0.19280898382814005
