term,score
內用,0.45342845304044205
時間,0.3080916415473492
飲料,0.13263928717389023
阿嬤,0.12681959192279807
通通,0.12219295528179488
一杯,0.10743967684363315
點了,0.10273168206053584
看到,0.09707376909511736
10,0.08532097029992396
燒肉,0.031110802958533135
第一次,0.031040702047304955
一份,0.025839594281916553
