term,score
蛋餅,0.16004512773961035
超人,0.12910426622580812
奶茶,0.12525676474842923
辣椒,0.10467133703458856
一天,0.0970173543088025
低消,0.08260982298888499
喜歡,0.07764661003987372
85,0.07067621839534453
整體,0.06803101070402923
起司,0.06562978845826016
裡面,0.06560080999420594
不能,0.059302458726060304
甜度,0.059302458726060304
提供,0.04939174571878287
高麗菜,0.04937673607095269
酥脆,0.005808445414869412
