term,score
態度,0.4045786134768348
沒有,0.36495717088931845
