term,score
壽喜燒,0.29751798307326066
一樣,0.18540690880652716
不到,0.16810703529106388
八寸,0.11679776208273082
值得,0.10964208807682774
甜點,0.09430586881242928
時候,0.09199581082449229
搭配,0.07397030417062744
