term,score
時候,0.3271263070809103
袋子,0.1883137938484871
青菜,0.12376676103291524
蔬河,0.0844618422742178
選擇,0.08153271903556458
搭配,0.049444517654497644
中藥味,0.03480210780131589
結帳,0.024452806984417763
蔬菜,0.012209980874860263
不要,0.010895807159415252
相當,0.009568680259503089
湯頭,0.0041921529036602345
滷味,0.000704009367404515
