term,score
素食,0.14662979453109365
101,0.12504066499990182
美味,0.11163573785166196
方便,0.10478528701553325
香椿,0.09339068153461685
清爽,0.07558827610467052
蔬食,0.07523183459884046
辣椒,0.06659586955425287
自行,0.06591561069367792
喜歡,0.0550599392564191
海苔,0.05196862026577663
柚子,0.05196862026577663
200,0.05079509929448741
食材,0.033987911337629254
醬料,0.024642708274634814
挑選,0.01771893230149387
