term,score
排骨,0.18373388896995715
不錯,0.17552446509483466
咖啡,0.15961034988257505
選擇,0.14084867848006605
咖哩,0.1357425446041131
整體,0.1336792794432104
上菜,0.13132097331203296
yabi,0.1230049747290941
很下,0.11991368479033745
十足,0.10699449505601774
座位,0.10123976808711796
軟嫩,0.09507908988738482
旗下,0.09327887330193288
海南,0.07768262201738395
搭配,0.07641313378992412
