term,score
時候,0.18573050755944376
不會,0.17963975706604532
一次,0.06237506289004782
問題,0.044410457592520325
