term,score
很多,0.33838834764831843
不會,0.33838834764831843
時候,0.30177669529663687
