term,score
披薩,0.143398669423186
外送,0.06868851157741435
品質,0.05865479869454955
pizza,0.046117551265992845
一起,0.0378719160255761
起司,0.024342856712836147
番茄,0.024342856712836147
