term,score
一杯,0.5203576922704485
飲料,0.4113781861718879
可麗露,0.10733248018629583
整體,0.0798090508296738
吵雜,0.029518166437297058
用餐,0.004577987436100689
