term,score
氣氛,0.16214732269545526
咖啡,0.14513384603080787
所長,0.12956402588319785
招待,0.09782148082741102
朋友,0.0919449949270516
地方,0.09061108007213334
一起,0.08928124049816717
事物,0.08195964729736846
適合,0.08176139952260747
聊天,0.07652305988353433
貼心,0.07094208960202933
聚餐,0.06862211883397606
用心,0.06698684072560417
下午,0.03954135081384945
