term,score
優格,0.6519563760514433
香菜,0.37443172200118163
豆包,0.32797028246663207
