term,score
啤酒,0.7066831431537345
大概,0.34693437253641823
晚上,0.3174996309351371
義大利麵,0.20353071860791028
薯條,0.14544377576680687
