term,score
瓦城,0.2774386629129894
完全,0.22627630668925505
問題,0.21827589443363615
服務態度,0.16821473903987433
都點,0.1332215498299841
阿婆,0.11682501189722153
這個,0.09071711885037552
麻煩,0.08935202805463305
牛肉,0.08383332622121471
推薦,0.08110254855126327
不用,0.060071834102934235
只能,0.05364669290592514
微風,0.05234430813195754
時時,0.04107014335230493
燒肉,0.036367753904027786
這次,0.03589885937091422
用餐,0.02913150949178163
南山,0.027044613066547665
整體,0.007605043382004878
