term,score
羊肉,0.3056425760160112
椰奶,0.14528920842834245
台灣,0.13333848525445274
理解,0.08511232014782596
咖哩,0.08047227648886851
巴東,0.022704909703042897
一樣,0.004528606643132968
