term,score
印尼,0.4511844635310912
一點,0.4511844635310912
