term,score
炒飯,0.27762755714821763
美味,0.14827394457851065
辣椒,0.13637123149838948
珍多冰,0.12550597807043332
清真,0.1163830693681542
份量,0.09328426359620537
印尼,0.04092651504315181
完全,0.032043623065123025
第一次,0.02228013635446465
牛肉,0.011543350582287643
