term,score
印尼,0.3106334532124625
美味,0.20736499049175475
炒飯,0.19897554763433475
辣椒,0.19814376007081103
份量,0.19283617351701088
珍多冰,0.14817379373537065
清真,0.11875389921630591
