term,score
沙拉,0.4366692978840663
知道,0.33337497550382245
內用,0.23294867214679083
健康,0.09654094626536106
外帶,0.047958883383020956
建議,0.03513371071072302
配菜,0.006002680679992087
