term,score
新鮮,0.16274163206688447
份量,0.157663694696675
胡麻,0.15537220293004242
很大,0.14036139614684343
莎莎醬,0.12360396379506995
清爽,0.1126334977268641
選擇,0.09297804603943864
食材,0.08827972529890389
生菜,0.07912377021973291
poke,0.07517672201145142
主食,0.07251525840856057
蔬菜,0.022814848571885787
