term,score
服務人員,0.3792731988288473
整體,0.30844597190795947
培根,0.23004430187985003
雞肉,0.1365037066111432
親切,0.12342595169224346
咖啡,0.11923076605859013
今天,0.1184329357516432
口感,0.11786855456892242
恰到,0.06054342036615354
檸檬塔,0.05736169011344712
沙拉,0.04587588104164352
義大利麵,0.032452329607617875
提拉,0.03156964075741084
青醬,0.014148298406099102
完全,0.013127160019078214
瑪格麗特,0.012750658450841147
超級,0.0048543543841294695
清炒,0.002825526630465716
