term,score
附近,0.31717004652780045
午餐,0.16305248491860191
座位,0.09157178863829844
時候,0.0859099042000285
尤其,0.0603520281239696
一般,0.04660705674550103
