term,score
咖啡,0.16404258109587003
下午,0.1441062628880129
氛圍,0.12834099816803335
雖然,0.1231185650723331
舒服,0.09659773181281793
耳機,0.09388200017280102
適合,0.08303431927616428
喜歡,0.08031858763614735
社區,0.07698675757591932
民生,0.07698675757591932
朋友,0.02699063522925156
口感,0.010767974893161052
主要,0.010767974893161052
菜單,0.004523009399904139
親切,0.0014953434183605507
