term,score
濃湯,0.2787513469386963
160,0.21037697062427427
優格杯,0.20541871739850587
知道,0.19069500922682564
份量,0.15797585693086552
喜歡,0.14812363056080063
整體,0.13860229486301834
位置,0.11876727873666451
白醬,0.09918595594841759
套餐,0.09147917464004529
加量,0.0867514003263258
