term,score
點了,0.22941573387056174
有夠,0.22941573387056174
三明治,0.22941573387056174
不到,0.22941573387056174
中間,0.22941573387056174
包感覺,0.22941573387056174
如圖,0.22941573387056174
完全,0.22941573387056174
撕雞肉,0.22941573387056174
比岡本,0.22941573387056174
酪梨醬,0.22941573387056174
沒有,0.22941573387056174
浸透,0.22941573387056174
然後酪,0.22941573387056174
目測,0.22941573387056174
神奇,0.22941573387056174
舒肥手,0.22941573387056174
還要,0.22941573387056174
01,0.22941573387056174
