term,score
三明治,0.471605876806064
翼板,0.17416330923225273
義大利麵,0.14436613916165655
340,0.13382692843433208
整體,0.11299197257473612
160,0.08670082212823965
熟度,0.07799465333842881
咖啡,0.06745656983737669
薯餅,0.05668811188148596
口感,0.05617645267703397
ok,0.05423578163216214
份量,0.0524637008287023
鮭魚,0.035253371997064006
牛排,0.022705264148852614
澳洲,0.01985822555090975
