term,score
聚餐,0.3192754826177569
當天,0.3057517239504511
米其林,0.2951801698601646
點了,0.282763828306493
提拉,0.24247060427091893
義大利麵,0.23711806178623945
羊排,0.23108341489248455
松露,0.23105458907483617
前菜,0.2083767233065462
章魚,0.2026271726134734
用餐,0.19026255834794026
