term,score
親切,0.20747851276920162
rachel,0.16452544239151773
食材,0.1503948211770304
值得,0.12432650240754767
推薦,0.10805465691791141
