term,score
親切,0.20595037673258595
牛排,0.17101316075527737
rachel,0.16243980649491596
食材,0.1503948211770304
值得,0.1238536471512839
推薦,0.10758180166164766
