term,score
學生,0.17464980183685047
實習,0.14443711294128977
很棒,0.12995682614509022
用餐,0.11225976302379492
份量,0.09185904007603454
值得,0.09150636853022776
空間,0.0894671030097339
服務生,0.08861389881437612
特別,0.08251262975054549
地方,0.07948913876186851
鼓勵,0.07683885045345576
開平餐,0.07406916481824638
不會,0.06849168795222194
點餐,0.06744804272563637
平價,0.06636907516986153
裡面,0.0651461550884826
雖然,0.06407776497314957
實惠,0.06073283442122751
蘿蔔糕,0.060389014591719775
表現,0.059363094878217025
