term,score
兩個,0.11788209116681961
壽司,0.0951509416118754
提醒,0.08902458979795214
愛買,0.03764498519676493
