term,score
義大利麵,0.2155470738522527
喜歡,0.20282650609978337
偏高,0.17297504831730953
雙聖,0.1681855376356278
今天,0.15286152704209321
套餐,0.10386221916664293
起司,0.09350125056045383
三明治,0.05820459726707129
需要,0.053161938495424985
份量,0.043438475704868196
建議,0.01743942410360773
大安,0.011001115858134985
濃湯,0.006331170422645707
