term,score
冰淇淋,0.2466766653509313
不錯,0.2172113125388325
份量,0.12697095457333687
雙聖,0.12226886437265835
美式,0.12107320329812787
牛肉,0.11957241934908283
聖代,0.10587372488420374
大利,0.09499817794919703
方便,0.08936307050051316
下次,0.08855291480643236
可惜,0.08467626004853479
天堂,0.07711221218190585
魯本,0.06186457002006705
三明治,0.06186457002006705
