term,score
不會,0.168890037456102
直接,0.1294666859966824
完全,0.12121412457365949
態度,0.11915741794092415
烤焦,0.11886822240017665
肉質,0.11886822240017665
第一次,0.0916259332148538
一下,0.07513840809625777
服務態度,0.05277627591798353
燒肉,0.048115273350149756
服務人員,0.02683798015208723
鮮嫩,0.021138071213927245
協助,0.021138071213927245
全程,0.015368498610055098
烤肉,0.006525451447426993
