term,score
吐司,0.393679297922604
法式,0.3751200949130816
完全,0.301532306795711
用餐,0.297500357502143
位子,0.1481501889551709
雖然,0.14717199983646592
品項,0.14424998087987878
今天,0.14113388750497355
附近,0.13872022711212365
分鐘,0.13832494688068026
尤其,0.125215686806293
時間,0.11616122828416817
不會,0.09203891983791038
整體,0.03175065958945085
