term,score
泰式,0.5158708909107292
一次,0.1686639968857583
時間,0.09997434537337663
商業,0.061892883272813615
午餐,0.061892883272813615
配菜,0.05427048455812193
好喝,0.043722186275502097
拋豬,0.037441326913389486
使用,0.014413050080978818
