term,score
生日,0.13807991014098178
一送,0.11887915162103287
開胃,0.11789795631735793
點餐,0.11596621120374932
希望,0.10445341877524453
加入,0.1024437137491484
套餐,0.10158550757553463
優惠,0.0996608121987534
用餐,0.09089102087803744
line,0.08794319221601732
泰奶,0.08445276476943094
份量,0.07954669850574311
排飯,0.07918696930992014
紅茶,0.0764180044425689
會員,0.07063796809983983
小菜,0.06371718036783884
清爽,0.06246407169038746
玉米,0.05898857742612068
一杯,0.05690533369950401
花椰菜,0.04933179517961752
喜歡,0.005482480657419395
