term,score
威靈頓,0.1496008597731952
牛排,0.1152254048007065
wine,0.11388283566490519
搭配,0.10145171031696887
驚艷,0.08261811702140147
推薦,0.07472461552826816
特別,0.07416553717796787
親切,0.07410792294944671
值得,0.05796998807821928
蕎麥,0.04978660730091442
風格,0.04665940903445751
服務人員,0.04319268708614585
第一次,0.03777056149627675
今天,0.03625257734728493
感受,0.030837211150172406
米其林,0.02932410297481243
甜點,0.026610418605876818
食材,0.01838772186398223
