term,score
親切,0.11288935518130452
點了,0.10964860030288812
朋友,0.10085604720956878
培根,0.07758068305535626
不同,0.06861855152839627
義大利麵,0.05951059599682325
份量,0.05639790893892033
招牌,0.045969815774629386
