term,score
套餐,0.23092430262647606
用餐,0.16908845451140583
單點,0.15974027639343658
不會,0.11731678427287227
優惠,0.11417673265895567
冬蔭功,0.059820732854732474
親切,0.032847813318099287
20,0.026411627917966363
泰拳,0.01723722576451122
好喝,0.010869682376801651
