term,score
生日,0.15913201417823267
蝦片,0.11760810364558005
服務人員,0.10578971932478415
幾歲,0.09796289637004316
新鮮,0.0963737928643088
火鍋,0.09095408744281921
食材,0.08886383775235385
泰奶,0.0887399427555155
感謝,0.08418909420985109
泰式,0.07216963459616657
椰奶,0.05662673127372535
活動,0.04823283258013433
蝦子,0.04554213927406435
風情,0.04060498278284202
湯頭,0.03582606254656753
壽星,0.03018045405061616
湯底,0.02942649720827485
建議,0.025425664288520763
蝦餅,0.02302895829310969
點了,0.008899314681593079
雞湯,0.0039755338521774986
