term,score
客人,0.514713602604949
速度,0.47576132919105674
包廂,0.42893122673771467
