term,score
包廂,0.2718557068204255
速度,0.2285255780546708
服務生,0.1748681541401303
美味,0.1406820622839964
上菜,0.11720793997911885
服務人員,0.030843540842260923
甜點,0.026338998721936666
整體,0.016448924846747648
用餐,0.01321360773852151
值得,0.012215056420041684
介紹,0.010210794928308696
氣氛,0.008510287255568641
擺盤,0.006379483700519682
