term,score
只有,0.3078302171733496
兩個,0.23846925260789792
今天,0.20904320814308577
品項,0.1579823255033052
越式,0.14873682513412279
外送,0.08053625254938909
一碗,0.06648176145839615
