term,score
米線,0.1898911807099432
法國,0.18032531019319467
招牌,0.14066254715321744
清爽,0.13968749774071426
乾拌,0.13833533469610676
心法,0.1292812874392711
里肌肉,0.11451969566926332
包料,0.10559587606295617
調味,0.08888414572489972
那種,0.08121901847649213
滿滿,0.06926941334827036
整體,0.06519791339093467
生菜,0.06333572180525901
海帶湯,0.062930783330884
牛肉,0.050419149977495165
河粉,0.0436149949463539
