term,score
薯條,0.14670581542571973
搭配,0.1445239009711459
用餐,0.13433122712753598
份量,0.1212666042219896
時間,0.1077661116158346
用心,0.1038767391236915
座位,0.09485244138516859
咖啡,0.09183603685648442
整體,0.08756033928087363
午餐,0.07810955755111008
親切,0.06486228822675012
甜點,0.06234458196634118
鮭魚,0.04837113629729828
點餐,0.005171857792420062
