term,score
麻辣,0.17187896815795192
酸辣粉,0.1717747277887282
中辣,0.14928895458769612
辣度,0.14605814662584568
不錯,0.1453213024248607
重慶,0.13639773330093546
小菜,0.13427894468125431
推薦,0.13135726599710087
口感,0.1293777588904173
份量,0.09630598872975174
其他,0.09195342489470802
這次,0.08472827870135267
整體,0.07628326790055097
湯頭,0.06939566642590293
牛肉,0.04383586855044721
