term,score
the,0.20987643212481918
food,0.1692206507157321
dan,0.05681818181818182
