term,score
the,0.20987643212481916
food,0.16922065071573206
