term,score
桌子,0.1533460539543632
裝潢,0.14836799205013607
披薩,0.10819186008131083
知道,0.09588675612813682
這個,0.06763438480598079
只有,0.05958027723392095
咖啡,0.05243324323040164
義大利麵,0.03746599882743348
午餐,0.03116184284134557
第一次,0.03086766358845188
直接,0.02942113856990572
