term,score
裝潢,0.35905339611441756
知道,0.3431424017366327
這個,0.3102378596455088
桌子,0.2426386202107115
客人,0.2426386202107115
