term,score
朋友,0.15398304347063715
氣氛,0.11711912289724352
蜜糖,0.10966393114831095
還行,0.10533894471651431
用餐,0.10445972019398102
10,0.08464560997335874
服務費,0.08238738424497129
吐司,0.04107934608304616
靠近,0.02001523324151406
一樓,0.015752160606260612
套餐,0.005934382389137641
沙拉,0.004023715404483499
