term,score
漢堡,0.3304779342539723
飲料,0.16810381158948706
美式,0.1599524183785384
份量,0.1560217538215104
薯條,0.09323642717080524
續杯,0.08875488502880755
適合,0.0881875367458242
政大,0.082120467800336
cp,0.08085645548363732
沙拉,0.07496072523664678
無限續,0.07183247914433832
整體,0.06743430127697632
停車,0.06298457459417536
附近,0.059962528615298466
唯一,0.05949835432068391
預約,0.0546279877672189
座位,0.054515177714489695
