term,score
干貝,0.21321800687526046
豬里,0.16710873507932564
餐盤,0.09501911922303655
大安,0.08357204503879051
台北,0.0739297140982069
完全,0.038699815674405155
時間,0.018345703714126464
20,0.017759178437945347
炸魚,0.01707183129039508
用餐,0.01580210642595352
加上,0.003020376984114323
