term,score
口感,0.18118772768148433
飲料,0.17107364752689241
鮭魚,0.15355089092362662
搭配,0.14054878657852707
份量,0.1332160405625491
午餐,0.13079226674876904
用餐,0.11855603257692263
大安,0.09355618966636761
喜歡,0.08807857125469115
藍莓,0.08725795815958226
昔昔,0.08725795815958226
店家,0.08578771889505235
干貝燉,0.08523131028646891
松露,0.08523131028646891
不會,0.08399355382479334
起來,0.08083427836930517
炸魚,0.06943432816918768
奶昔,0.06832588705875431
