term,score
千層,0.17461008648834103
義大利麵,0.10547760979964972
蛤蜊,0.046601948246290555
