term,score
親切,0.18390116369659373
份量,0.17941764217840536
用餐,0.1721406438736127
點餐,0.12671364233634086
薯條,0.12646132312275282
甜點,0.10072502686896068
生日,0.08025338225961752
套餐,0.07777210488772354
升級,0.07777210488772354
沙拉,0.027961211663626175
已經,0.02532725601302311
