term,score
點了,0.3743939974497112
酥脆,0.26062071093051664
麻辣,0.26032945397504126
年糕,0.20617546056566632
朋友,0.09741371878820024
不會,0.09304417568194873
口感,0.08792640990708626
雞肉,0.07191970069433753
漢堡,0.04365523894852694
調味,0.04041440383774357
薯條,0.02716761328490755
韓國,0.015483657455498692
份量,0.0006780207793156828
