term,score
只有,0.29728640001307444
廁所,0.1305156243038529
扶梯,0.09656305741992693
交通,0.06138677967491958
方便,0.04285991928194041
