term,score
美食,0.17737227577588455
商場,0.16998798191363623
b1,0.16122480700937547
南京,0.1549169545405219
方便,0.1501730927020115
興站,0.14233002767678893
品牌,0.1407756523777729
出口,0.11815412292109878
不錯,0.11540049074999695
還有,0.11355448131578577
選擇,0.11333384422557224
用餐,0.10552649655981808
捷運,0.09949497412956601
