term,score
人均,0.47120904213720993
簡單,0.18854423892169428
適合,0.13035488418030503
不會,0.11432832326689316
風味,0.10802677296543088
沙拉,0.0831085941808461
氣氛,0.06724758338303147
義大利麵,0.06200123038451506
鱸魚,0.053667582820100736
主菜,0.03564084248858178
用餐,0.02878708464187217
