term,score
魚而來,0.23570226039551587
風味,0.23570226039551587
七個,0.23570226039551587
不會,0.23570226039551587
久聞,0.23570226039551587
人均,0.23570226039551587
再訪,0.23570226039551587
大利,0.23570226039551587
失望,0.23570226039551587
月後二訪,0.23570226039551587
果然,0.23570226039551587
用悶,0.23570226039551587
程度,0.23570226039551587
肉嫩,0.23570226039551587
薩丁尼亞,0.23570226039551587
這家義,0.23570226039551587
適合,0.23570226039551587
2205,0.23570226039551587
