term,score
一道,0.4172615068868114
特別,0.25309959562364537
食材,0.11481952271052603
另外,0.10892779172396741
滿意,0.08899427148272007
整體,0.04162691440216773
