term,score
綠色,0.3316694596462347
值得,0.18660028954634822
豆腐,0.15120337608240522
這個,0.12325623828278968
整體,0.09218011823550189
份量,0.08705465162512943
唯一,0.07530380476449425
食材,0.06560015675431548
蔬食,0.04769642434233254
那個,0.030236236943526396
三明治,0.012686173213617258
麩質,0.0119408256668736
