term,score
健康,0.1470915103483565
漢堡,0.08869112399680537
地中海,0.08766622347888789
點了,0.08763397418286764
蔬菜,0.0810277497486124
身體,0.08007736312881725
調味,0.07890578870133633
照燒,0.07357827685101243
沙拉,0.0707748090152799
口感,0.06636851434760557
希望,0.06348592788087029
天貝飯,0.06253214340954644
新鮮,0.05637021305722964
一下,0.053603464209387955
推薦,0.05104267177179501
用餐,0.0448857664036766
