term,score
鮭魚,0.547650059554397
新鮮,0.17567603596656406
座位,0.08870741750256429
整體,0.03776592137005903
店內,0.02698529835708649
