term,score
壽司,0.18301494623762934
比目,0.135197067254974
點了,0.11994379296611615
炙燒,0.026903163946609812
生魚片,0.0018795934683111526
