term,score
炙燒,0.15598897721220456
比目,0.14883411567943008
新鮮,0.14713279935010626
店內,0.14713279935010626
壽司,0.14480563844045963
點了,0.14153375394097129
