term,score
東西,0.031679529134606275
時間,0.028688849015840262
整體,0.02745561473994357
用餐,0.025140636995004205
建議,0.0250286827376954
