term,score
很棒,0.030856422868636713
親切,0.030040158215254163
乾淨,0.02556635369720872
朋友,0.02504701584267953
義大利麵,0.024784200972299233
