term,score
拿到,0.12072584391816168
泡菜,0.12033454524883813
結果,0.0673943944412203
韓式,0.05780447342823657
五花肉,0.040329911614699586
口感,0.0350060819184905
101,0.032646684067677595
