term,score
烤肉,0.3631998469448785
八色,0.2887829768149617
小菜,0.2831146764813275
不錯,0.21602236618909787
招牌,0.17957399497426144
生菜,0.1543530776527265
美食街,0.1522914246680301
