term,score
八色,0.2147266363241152
招牌,0.17781217381235107
點了,0.0675842369699356
用餐,0.06527249116194983
美食街,0.06258698078039188
烤肉,0.05491842401402222
生菜,0.04996125140104696
兩片,0.045451574768782636
選一種,0.031767421289556286
時間,0.025063083027128327
小菜,0.023967676946871658
只給,0.019703071596823718
套餐,0.01828197736868349
份量,0.009459427694282943
