term,score
cp,0.37031348972374334
超級,0.29482722845130105
推薦,0.25495050259999447
上菜,0.08886645070138476
葡萄酒,0.07230398791532623
牛排,0.04678389715309547
朋友,0.011911697117924627
