term,score
令人,0.21587882914733075
用餐,0.18278903982774697
親切,0.11325745297090084
愉快,0.10555168203878694
第一次,0.10506785846767391
亞的,0.10436456116685884
好喝,0.09616890816444741
甜點,0.08068855913864026
聊天,0.06848604605671914
喜歡,0.06413287610754181
加利,0.05051837357603567
紅酒,0.024487498038222782
