term,score
另外,0.3323999066043957
整碗,0.296384909177132
海鮮,0.2558257571507626
