term,score
朋友,0.2997745213387073
詢問,0.28844511795682515
聊天,0.27649288500286084
速度,0.260230945586712
晚上,0.22598614903095454
用心,0.16044047966000302
除了,0.1348758941612878
雞肉,0.12201669691888636
或是,0.09987487686121845
用餐,0.08374439059304603
冷氣,0.08206541760788934
甜不辣,0.07153461412480826
適合,0.06587669048631536
東西,0.03777056175559762
串燒,0.021126660880158438
