term,score
套餐,0.4285189673918115
濃湯,0.41428506892171085
白醬,0.2034427366381114
這個,0.18970828059917666
建議,0.17935655257996436
時間,0.1422729269704162
