term,score
奶油,0.2231471111781212
冰淇淋,0.2127478487753409
義大利麵,0.18528791479554615
墨西哥,0.15505656708517312
肯瓊,0.11200116239421433
松露,0.0764328774479002
飲料,0.07489255748199865
推薦,0.07112668653214502
雖然,0.07109713738487221
cp,0.06717761942888546
加大,0.06530663834306813
份量,0.06145892490666166
不會,0.06114933417209563
適合,0.06055672533152228
