term,score
時間,0.387358405764663
大利,0.18635323318999464
結帳,0.1852998118865873
感受,0.16644928602535305
提供,0.14071923433518585
用餐,0.11973016272156958
香氣,0.09989192497904822
搭配,0.05820016342960872
喜歡,0.03623526750681923
點餐,0.030067064079137056
體驗,0.025549994360884606
不會,0.020534310389067632
