term,score
港式,0.15938645073581814
奶茶,0.15300596518134885
香港,0.13332117071237276
喜歡,0.12971538733126423
店內,0.1276367681362177
咖啡,0.1259667061471063
飲料,0.12596645092078076
用餐,0.11657190182561467
咖啡店,0.10415474934612953
不錯,0.09633013143842815
滿足,0.09127408220181386
甜點,0.08129280005232659
時間,0.07396632636738501
裝潢,0.07270294977192505
飲品,0.06798421297091435
可愛的,0.06692755863852501
風味,0.0625036985222423
西多士,0.058739634851618476
知道,0.046138268365649236
可惜,0.0452599241032567
朋友,0.03913750233169463
