term,score
寵物,0.15340548202646923
友善,0.10311198839748786
海鮮,0.08414038051243866
本身,0.057588156536629895
用餐,0.03555856872585436
五分,0.02635437502178342
份量,0.00502957474301223
