term,score
只有,0.2146624469497002
選擇,0.19553300017746367
甜點,0.07083160032835326
干貝,0.05408422512607611
美食,0.04522928961540244
蛋糕,0.04371728181641028
飲料,0.0431334003884043
很棒,0.03801840032292425
入口,0.03725269997865632
前菜,0.034198668134729805
另外,0.03308014650872506
兩種,0.02345616919166576
剛好,0.022356214329835658
菲力,0.019177806069331345
特別,0.01863376318495158
龍蝦,0.016131904288184666
遇到,0.015117986918898242
