term,score
外送,0.4606823249461205
漢堡,0.3877535786261236
這個,0.11911552494745704
班尼,0.08341340557705187
迪克,0.05636654680472978
紅茶,0.034569378544953636
