term,score
美式,0.4119075093348581
一直,0.19139028652429338
座位,0.16014596331456443
咖哩,0.08651431102059466
點了,0.07862190216308199
印度,0.03218178107148589
咖啡,0.024203128353917053
