term,score
咖啡,0.19659600157734072
牛肉,0.16212622011668584
咖喱,0.13335029262447934
店家,0.12134769214876232
咖哩,0.118500778019837
紅酒,0.11801224448668413
插座,0.11481993347075636
美味,0.1092806397205438
很棒,0.10671963073360025
相當,0.09277903588356079
水準,0.07642388861579144
社區,0.07387436091292593
民生,0.07387436091292593
印度,0.07340291798708672
