term,score
用餐,0.46566556047191626
提供,0.2186409861977008
大家,0.19683106811259796
招牌,0.18602441699316766
番茄,0.16465078526030702
薯絲,0.16430499449920502
飲品,0.1421191760338819
我覺,0.13974012848254017
基本上,0.08838792578422008
舒服,0.07577366164371022
服務人員,0.07143428892216151
整體,0.06403695322226365
建議,0.061729483485962945
平日,0.019025282727812245
澳洲,0.007271005916381107
店內,0.006501867278113006
東西,0.0036454673605104057
剛好,0.0014256955049549366
