term,score
適合,0.21672375702222085
舒服,0.19119067969883338
