term,score
地方,0.2394297095110766
好喝,0.122347504553504
小孩,0.1209481754390182
聊天,0.09822565198785393
酒吧,0.0964221867749856
