term,score
漢堡,0.22259854279158992
第一次,0.2206074103355072
薯條,0.21258443757726828
反應,0.14983184462195515
牛肉,0.1334395190419142
今天,0.13074869401612943
搬家,0.12832201233463236
希望,0.12763050573478543
原來,0.03504120200605414
cp,0.012867557109081836
軟殼,0.010643351389140715
甜點,0.00505981483397451
店裡,0.00505981483397451
