term,score
大利,0.2934532630932235
不錯,0.2516721976260326
氣氛,0.15401224326976515
還有,0.12124363841077586
不會,0.11340635920038075
份量,0.10710223461905535
今天,0.10390322564626557
餐酒館,0.08992542499675615
店內,0.08992542499675615
軟殼,0.08924510444460164
用心,0.0802982801161577
一份,0.07359174658725087
下次,0.06437704572316186
