term,score
咖哩,0.3149217337144439
口感,0.17788705479686112
番茄,0.16666118572279065
完全,0.1466879985270172
第一次,0.09387548872910885
晚餐,0.06114369405685293
不會,0.06108320772905407
豬肉,0.05990185721923613
特別,0.05331317312307772
茄汁,0.04004982105659506
雞肉,0.038354509784973706
一般,0.012985860368940318
今天,0.012680679101054082
