term,score
熱狗堡,0.19852309780117974
熱狗,0.16634988314914295
牛肉,0.14129728263084274
薯條,0.1393751955250773
起司,0.12946084981468658
搭配,0.11372705223880666
通心粉,0.10747808564679487
整體,0.09578649042884903
醬料,0.08755804824562578
口感,0.08451667748255579
內用,0.07989165793650232
帶皮,0.07548203274194211
蘋果,0.07508702747316284
肉醬,0.07354316976403685
不會,0.06216087116273582
喜歡,0.05643024143288143
下次,0.05118107892616529
試試,0.05065058395761282
套餐,0.04064467482210795
