term,score
小酌,0.6034233242385664
份量,0.5913806926661652
適合,0.37142055933674567
