term,score
茶油,0.4082482904638631
點去,0.20412414523193154
忘記,0.20412414523193154
兩桌,0.20412414523193154
分鐘,0.20412414523193154
只有,0.20412414523193154
告知,0.20412414523193154
大概,0.20412414523193154
失望,0.20412414523193154
將近,0.20412414523193154
店員,0.20412414523193154
排有,0.20412414523193154
香氣,0.20412414523193154
炒川,0.20412414523193154
無言,0.20412414523193154
特色,0.20412414523193154
現場,0.20412414523193154
當時,0.20412414523193154
第一道,0.20412414523193154
紫羅蘭子,0.20412414523193154
40,0.20412414523193154
