term,score
套餐,0.11592345601320173
貓空,0.11285830145027026
美味,0.1051937426757892
用餐,0.0914332380286709
點了,0.08129559492726127
景觀,0.07413454171464412
滿足,0.07163508261224749
清爽,0.06663933335675526
滿意,0.0655764691120863
一定,0.061616407645298917
茶葉,0.056644555861706275
水準,0.05307038390868986
雞湯,0.0506473805570364
整體,0.03885537997017254
不到,0.027175001606036794
蝦子,0.025128130220222845
推薦,0.01866894220323248
20,0.010969628606234447
口感,0.008128851580514622
纜車,0.003967721249500511
