term,score
份量,0.23783600013929332
只有,0.163451743603878
一下,0.1497262811672033
態度,0.09343892132462123
結帳,0.07115131982505137
不然,0.05349224093949004
時候,0.047929572240975195
