term,score
subway,0.18700662634936488
座位,0.1715587198225416
點餐,0.12750451913303837
