term,score
店員,0.28311394511180027
subway,0.2773320377496309
座位,0.2598636234912284
還是,0.1504390633585968
