term,score
美味,0.23947450155215627
喜歡,0.14490250842932292
擺盤,0.14214659447820116
搭配,0.12762814619087087
中式,0.12576545683228485
不錯,0.12360463727709561
甜點,0.11533215343876582
豆腐,0.11338689649838456
主廚,0.10541729675656605
花椒,0.10247264141895446
親切,0.10163636742099656
口感,0.09496858562683463
第一次,0.08445752318204333
用心,0.07862033238378283
小菜,0.06365014033189234
