term,score
很甜,0.5
酒精,0.28867513459481287
濃度,0.28867513459481287
不夠,0.28867513459481287
