term,score
好喝,0.4112872545706374
調酒,0.17363696852784685
