term,score
好喝,0.4087703958912221
調酒,0.17542964713827724
