term,score
40,0.2450832805722258
座位,0.18873131177115518
花生,0.16171209333958553
推薦,0.15342264323387075
火腿,0.10489759282584639
印象,0.08041052067889212
一張,0.07584186595478386
00,0.061331186040814153
搭配,0.056892739950695936
整體,0.05281578692628966
建議,0.0498499903851736
排隊,0.03597787745153945
內用,0.026635060536015873
濃郁,0.01851960938847845
餅皮,0.011713584493366902
冰淇淋,0.004831431470056657
