term,score
披薩,0.12420257775435531
番茄,0.10548908051734775
瑪格麗特,0.0991961657933783
芝麻,0.08842593853507082
特別,0.08617480872405443
口感,0.08238368750719424
開心果,0.08034665984049497
熱情,0.08009845163865961
比薩,0.07774288037608151
店內,0.07255509439651908
空間,0.07255509439651908
外帶,0.07188022645826951
一定,0.06408161053146305
不會,0.06313901871971099
pizza,0.057756304257960855
extra,0.05414307299147919
起司,0.05296504644677044
現金,0.05225954934692204
經典,0.04454874614151677
分鐘,0.04238816472268099
