term,score
服務人員,0.35689562734411606
隔壁,0.3189186985581756
飲料,0.2887509724070059
沙拉,0.26344070094870553
義大利麵,0.1968622975210408
聚餐,0.14630568762991764
培根,0.13105827889021313
口感,0.11284571735665895
套餐,0.08773940445409192
150,0.06287710174460706
果汁,0.06240243163823587
特調,0.04822621823185234
特別,0.042552076957815765
黑糖,0.03998547503720782
酒精,0.036996556902758944
午餐,0.033671293307026354
99,0.02649807591057307
優格,0.014558263445470745
