term,score
外送,0.21943832724021398
大家,0.13218446605654896
咖啡店,0.07872203419632919
令人,0.0029079631614859075
