term,score
咖啡,0.35717507779339297
肉桂,0.17387837857460045
好喝,0.16844733047356608
喜歡,0.16396549065628893
令人,0.1435984937989632
不同,0.0987062893277163
推薦,0.08859781670405617
