term,score
咖啡,0.34662281926390315
肉桂,0.16778233136593443
好喝,0.16381607051708702
喜歡,0.15716439556579204
不同,0.09845179399262426
推薦,0.0812140435466762
