term,score
服務生,0.5569283024681497
表演,0.1636742788333328
喜歡,0.1560304782672561
氣氛,0.13942191639439086
怎麼,0.10161746945723481
演出,0.0194866419346105
直接,0.018265750618160707
或是,0.014651713133817551
很會,0.01229724324570406
好喝,0.0009870442940791424
