term,score
很棒,0.1974978189356445
調酒,0.14591889100155206
整體,0.09839820434778747
音樂,0.09425600093700164
親切,0.08578189539717605
蘑菇,0.08474356362864541
歌手,0.0836074879330603
空間,0.07380911283152278
適合,0.07222366622571973
拼盤,0.06721383107216039
氛圍,0.06072443311063557
音樂餐,0.059320740838516274
尤其,0.054511143098178415
10,0.05150128481070306
800,0.047041492817130194
低消,0.037853897056687576
地方,0.026296897104682096
感受,0.0016106711088505407
