term,score
蛋糕,0.2778002581609463
喜歡,0.25930259973869096
下次,0.12238618729520065
第一次,0.07048790675282512
午餐,0.060361872240681055
商業,0.060361872240681055
義大利麵,0.058946130886318296
豬肋排,0.035839125745425596
份量,0.022145955589393723
美式,0.011796643508698385
