term,score
沙拉,0.1856358127942066
啤酒,0.11716716444338585
親切,0.11313744623953362
甜點,0.09839536188544276
牛排,0.09696998870241677
披薩,0.0870557679366046
菠菜,0.06708977279602328
