term,score
用餐,0.4701940396632656
午餐,0.35620525441629897
平日,0.34149369451377953
雖然,0.2262841707052555
牡蠣,0.22349009600052383
松露貓,0.20049692487466858
耳朵,0.19241686358645824
氣氛,0.16957622144399004
咖啡,0.15729929567843537
整體,0.09703858469148816
奶油,0.09239275703679685
