term,score
還是,0.20995182382336758
一下,0.2050674245346662
失望,0.19687526718999102
魷魚,0.18802249883492705
什麼,0.16800540671393538
雞排,0.1400649145714246
到底,0.13112868476458167
生意,0.12069672727041311
品質,0.11645833583814241
