term,score
甜不辣,0.2829152564572431
素食,0.131097890824466
拿到,0.08247032791215773
超級,0.017979110599173176
