term,score
咖啡,0.3987994221392536
好喝,0.27685849580722094
漫畫,0.15201378182634248
適合,0.14277856564851082
氣泡,0.11673564021726081
山林,0.11673564021726081
