term,score
印度,0.6010407640085653
知道,0.3889087296526011
