term,score
知道,0.2310685293066282
沙拉,0.13627204303139895
不會,0.11642106896138227
男生,0.08078887389955734
印度,0.0785830211528046
超級,0.06823412464697191
羊肉,0.05698162963093515
風味,0.05516525842090557
乾燒,0.054776937432885364
濃郁,0.05151075022835599
咖喱,0.027185083007746136
點了,0.0206961822064618
牛肉,0.015579267912147969
高麗菜,0.015094666908618451
兩個,0.013783548536176714
