term,score
蔬食,0.22872485873422085
素食,0.16415090189374926
薄餅,0.13144229450520692
推薦,0.12115846602516701
調味,0.09899855550656618
份量,0.09327688083743485
一樣,0.08142526170203354
松露,0.07942590050253898
蔬菜,0.0782760321753511
香酥,0.07462183284984569
用心,0.07331306726170497
還是,0.07075142136814652
主廚,0.06777838267529152
值得,0.06608459211317944
不錯,0.06320728286121288
大利,0.06275863889726183
整體,0.06227012435611725
貝殼,0.060157250963661424
醬汁,0.05731153339287253
手作,0.05422693944459819
