term,score
蝦子,0.472696033169144
豬排,0.46252830029020275
白飯,0.4348728969926697
唐揚,0.3955015410182289
