term,score
漢堡,0.17030576221456173
推薦,0.10863840866272442
沙拉,0.10455759889468712
套餐,0.09834992641815558
整體,0.09534723810843639
附近,0.0884936111977959
生魚片,0.08347273743316397
酥脆,0.08170161799761852
新鮮,0.0811068338425181
美味,0.07917560521477278
份量,0.07676825212594447
喜歡,0.07590166530097667
天婦,0.0745670766187495
搭配,0.07372311943046794
小菜,0.07121752032010405
點了,0.07121752032010405
定食,0.06943630182523705
驚艷,0.06606032615574084
輔大,0.06009349257844764
排定,0.05612248743310074
多汁,0.05302534152060125
