term,score
喜歡,0.5658097247615681
只有,0.5531499474591319
安排,0.5100313190651069
