term,score
高麗菜,0.17795523937576774
絲瓜,0.15456707402989778
水煎包,0.1205715669953051
韭菜,0.10531441414840692
肉包,0.10507226130448125
值得,0.10464583888072215
每次,0.09837074990492384
方便,0.0980519283945814
芹菜,0.09017729674386
阿姨,0.08718009470385918
17,0.08633022742775734
經營,0.07994445816798944
推薦,0.07726371766987862
喜歡,0.07259828012592998
很甜,0.06861789228428783
很脆,0.05730870704301683
親切,0.05717193704090427
可惜,0.051858452643235436
