term,score
蔬菜,0.5517215319146057
鱸魚,0.550035719662159
點了,0.5475267609346743
