term,score
套餐,0.22610270451902564
份量,0.12326678048643075
大利,0.11543315032145537
口感,0.1113628681617183
民生,0.10493872352089598
不是,0.10241662640737675
甜點,0.09991063396360406
溫馨,0.08176618998909188
服務人員,0.08088535201482533
松露,0.08001400174438919
喜歡,0.07226067670557865
氛圍,0.07214612143140105
選擇,0.06948797254684032
田螺,0.06911733512928675
蝸牛,0.06879940230687365
主餐,0.06527886032659555
聚餐,0.05408913907295003
不同,0.05350753079637772
牛排,0.05310046526599531
雙人,0.051659171206858166
點了,0.04954561134368907
