term,score
墨魚,0.3206129274970854
薯條,0.21275918893931314
奶油,0.0722386476998762
值得,0.06913022293931465
鮮味,0.0668908694051771
新鮮,0.06466706543041653
黑米,0.06427291147369353
義大利麵,0.02419855996363071
披薩,0.014196520020807693
口感,0.010569790174338206
