term,score
不會,0.12753040603017393
南瓜,0.10147498898832871
培根,0.10113930916286573
推薦,0.09585204066875028
蛋黃,0.08581853364657865
份量,0.07720725117895928
整體,0.07716500601244597
濃郁,0.07244677177803484
清爽,0.06873357370195363
