term,score
豆芽菜,0.21296287269511172
調味,0.2010635360879596
高麗菜,0.09665262722210793
地瓜,0.016712295176141617
