term,score
健康,0.1786219928432968
時候,0.1600446033638255
變化,0.13573250349793992
清淡,0.09702984819930886
便當,0.09638801714157111
餐盒,0.0879564262998137
配菜,0.07307106627790162
香菇,0.03531997537705928
雖然,0.023573269440730335
花椰菜,0.007690328453684059
