term,score
打卡,0.1343916831150393
可樂,0.12338402156028842
蛋包,0.11154317559298392
咖哩飯,0.11132852721631434
唐揚,0.10671088634944793
拉麵,0.10526428929039172
內用,0.10389754895435158
用餐,0.09548063203152843
咖哩,0.0762608745596181
空間,0.06781565311230574
湯品,0.06640401831932857
白飯,0.06535548309581093
好喝,0.06301447971878518
薯條,0.04276679476865258
