term,score
炸雞,0.2795064631553176
蜂蜜,0.24230062378290468
韓式,0.22360476371782284
點了,0.2227765385652567
