term,score
調酒,0.17185653864822883
酒單,0.12496774757407667
酒吧,0.11422663038388778
回訪,0.10192080290356023
牛肉,0.0959483580674742
命名,0.09447874469253298
好喝,0.08998800350522262
酒精,0.0878056801601052
威士忌,0.074196086847461
很特別,0.06726413495414543
金沙,0.06404771056064552
店內,0.058373633122014774
以動物,0.05760484341341336
氣氛,0.057204606354070896
松露,0.05438050290708682
薯條,0.05438050290708682
口感,0.053799901300426764
韃靼,0.050720064889327954
松阪豬,0.04973313830518693
推薦,0.04414837434644351
搭配,0.04293534384325496
