term,score
不能,0.6503834930466158
結果,0.5385800941716263
