term,score
一碗,0.2705510804093889
整體,0.20785999297622634
其它,0.1480938992380036
口感,0.08420068884123738
希望,0.0664074260800233
只有,0.06353846406898381
冰是,0.03866189501960764
整潔,0.01931413072097661
芋圓,0.008600519120843156
七彩,0.00013092396055830458
