term,score
七彩,0.20963827521598588
雪花,0.2015885016071817
仙草,0.17446788500289462
不錯,0.14092416634738197
乾淨,0.12979495098571495
冰品,0.12232963520717197
牛奶,0.11578982984388198
奶凍,0.10783140428041822
明亮,0.10506836567553864
店家,0.09990853418829632
推薦,0.0902056923162619
冰店,0.09011051706388558
特色,0.08706306618288787
芋圓,0.0762465335201559
搭配,0.06897397765806769
口感,0.06775109574677743
玫瑰,0.061845236254845976
