term,score
整體,0.6036730478269184
擺盤,0.540214991677206
氛圍,0.4868881391823913
