term,score
完全,0.29390761178142405
大蒜,0.24288411505315927
超級,0.22282374644049316
一樣,0.19379302461340217
花果,0.1535934843667261
份量,0.13343588256783934
牛排,0.0932656695684437
奶油,0.08304217771023334
人覺,0.08304217771023334
西班牙,0.07928602249163418
白酒,0.07888688966781533
調味,0.07659016908758048
牛舌,0.07128373819617209
牛肉,0.06867335443137443
沙拉,0.06689824395572294
軟嫩,0.06681443953027413
義大利麵,0.04595669815411821
不會,0.0367232151232671
起司,0.03519771711394183
