term,score
套餐,0.3845055953050146
cp,0.17618492853786663
整體,0.15494839529216123
漢堡,0.1419387232715576
午餐,0.13078388685766698
商業,0.13078388685766698
花生,0.10126740620082822
建議,0.09136894297061904
點了,0.08051112949141423
轟炸,0.06734504348302071
喜歡,0.06594601926964117
