term,score
一杯,0.38567319290665375
折扣,0.37898824614184456
聚餐,0.37461228279738285
點了,0.37193966379782173
感受,0.3675757460043877
氣氛,0.30810207739790396
咖啡,0.17250732966436322
