term,score
沒什麼,0.2011871723576863
京醬,0.177746764565127
雖然,0.15500608842837324
清淡,0.13644202821525692
肉絲,0.10861648123380695
主菜,0.07766638442007245
只有,0.030085861138377495
不會,0.029628586530217618
便當,0.02850977171346661
每天,0.01449975880291128
炒飯,0.011992848493041747
