term,score
配菜,0.23152874258234174
主菜,0.22180480141789122
牛肉,0.18314116713003692
便當,0.1565023491242636
青菜,0.13610185584237078
100,0.13257527161378382
不錯,0.12916709784201622
選擇,0.12474570744287153
親切,0.11998819420782345
喜歡,0.11261176291806896
糖醋,0.11212073032157124
老夫妻,0.09454020635842064
經營,0.09454020635842064
搭配,0.09427261197231626
白飯,0.08769021549235105
