term,score
餛飩,0.1308379426761543
扁食,0.12044022601593168
湯頭,0.11824357121568281
口感,0.09884916303618733
涼拌,0.09797653051622712
整體,0.08099988797914202
美味,0.055068679535596146
鮮蝦,0.049720512490387364
用餐,0.030710200732778477
喜歡,0.017246509272813022
pay,0.00653169572061367
line,0.00653169572061367
冷氣,0.0024250231417080534
二樓,0.002010757247736694
