term,score
滷肉飯,0.15473084884999988
白菜,0.14991679369322147
小菜,0.13603765411854832
寒天,0.11781737991571103
炒手,0.10477634915531027
青菜,0.10028812858937923
蛋皮,0.09357289321644507
第一次,0.09351970938174706
親切,0.09080540414481696
外帶,0.06437780411192633
五福,0.047565227451453446
豆乾,0.0475200536102794
乾淨,0.028687030320867515
