term,score
完全,0.1778211897276576
回訪,0.11608300840525258
知道,0.10659342431028634
一直,0.10496887986088071
配料,0.10085331857674028
三寶飯,0.09958242525324115
烤串,0.09304778288343359
口感,0.09168526151473237
喜歡,0.08585998329169003
點了,0.07970548477346229
本身,0.0784659501243493
份量,0.057724545474272124
水準,0.046911668108357785
用餐,0.046553494981127465
配菜,0.041807236814275714
咖椰,0.03938661313769287
西亞,0.031133552145876937
推薦,0.020632532933604716
整體,0.013974695866280237
椰漿,0.01130938168085105
