term,score
92,0.48507125007266594
漢堡,0.24253562503633297
早餐,0.24253562503633297
已經,0.24253562503633297
套餐,0.24253562503633297
吃過,0.24253562503633297
史上,0.24253562503633297
可惜,0.24253562503633297
只有,0.24253562503633297
升級,0.24253562503633297
別間,0.24253562503633297
兩片,0.24253562503633297
不划算,0.24253562503633297
一塊,0.24253562503633297
