term,score
選擇,0.1519918209040383
發現,0.09549730880663758
推薦,0.08828890530964312
很大,0.08070101404021339
裝潢,0.08061922096147917
店內,0.07822360295621526
飲料,0.07137577790033524
份量,0.06503800988575684
用餐,0.02005032378756548
午餐,0.017710402295887995
