term,score
份量,0.7168453671172731
友善,0.15266369243530775
聚會,0.13708367450463604
咖喱,0.1303122243609019
