term,score
夜飯,0.33849018830928873
份量,0.3289926433356698
用餐,0.10991956260578452
豆腐,0.08521821032928129
服務人員,0.07623357840969464
整體,0.05749602897098878
水準,0.029001978532156594
現場,0.014454603562825546
其實,0.013216913443124374
牛肉,0.008787232362750252
紅豆,0.006038331535789698
