term,score
聚餐,0.21160536349677597
不會,0.1564143054920617
韭黃,0.13415146160580643
糖醋,0.1109795455024509
意外,0.09065378714612593
上海,0.08480474431696705
生菜,0.02732782419398111
食府,0.0253934265960567
砂鍋,0.01442887691233316
生煎包,0.013157437341610727
第一次,0.011749355691439
油膩,0.010272354634563968
口感,0.003918776159329715
