term,score
只有,0.4500014474960716
這種,0.20668968096408072
不會,0.19779677383720654
訂位,0.19324675800252267
完全,0.1845737587564648
小菜,0.1772018430427753
第一次,0.14501226598367833
餐具,0.14261072518319345
用餐,0.13028194675924726
結果,0.12432551568353525
直接,0.09413977170019198
這麼,0.05327659378831946
泡菜,0.04026222036168395
體驗,0.02158702367244468
選擇,0.017489910005429862
肉品,0.017489910005429862
提供,0.011433441522544559
