term,score
烤肉,0.16494552368518742
啤酒,0.12836113225476187
親切,0.12196657843737924
韓式,0.10510914504127829
超級,0.09750116977565262
肉質,0.0960601670764826
招待,0.0911491052371206
起司,0.08753779008495945
很棒,0.0860961556171082
小哥,0.0844717005818736
五花,0.06512600359048434
生菜,0.021732445048430075
牛肉,0.02084692613096887
品質,0.015576834095517363
重點,0.004088007888217601
