term,score
地方,0.17522346707193925
朋友,0.15523739564593303
選擇,0.11368599671636148
101,0.10699567843249992
10,0.10272663299134954
低消,0.09427053190582929
晚上,0.09023017099042849
用餐,0.08793525625439257
好喝,0.0715433543194775
拍照,0.06636467093659976
適合,0.047544274865399416
不會,0.03584095856451256
一起,0.033427765866510736
