term,score
座位,0.24718385526539316
推薦,0.029955462183785225
雞絲涼,0.02723056151380171
牛肉麵,0.02602881969283291
不會,0.013245839313036425
學生,0.0063119569750986065
