term,score
牛肉,0.1700959836601565
青菜,0.1476397495152811
不錯,0.13968729815105613
蛋花,0.13622099331778825
雞絲涼,0.12531776817613435
小菜,0.11959539493392393
份量,0.11108197892718791
也夠,0.11031336922528344
湯頭,0.10980045547892126
喜歡,0.09965421368498568
口感,0.09920279747765796
牛肉乾,0.09648090636666386
學生,0.09182559710212483
政大,0.07920055165484152
一定,0.07920055165484152
