term,score
軟絲,0.4744842023575877
主餐,0.46569914394296974
豆腐,0.4290957100991564
加點,0.4247140950796584
甜點,0.30215121229158126
