term,score
套餐,0.16211091847152073
10,0.13050265309497347
乾淨,0.12463029756522237
日式,0.1169660807920734
服務費,0.0951387882901087
沙拉,0.07219563221169265
看到,0.02997356088077452
蛋包,0.029226291034626317
點了,0.02710656470178449
