term,score
喜歡,0.11246810012739546
咖喱,0.09487473045740318
午餐,0.08174107479917016
雞肉,0.08131190235832347
咖哩,0.07174838471427197
雞塊,0.050716085022185664
烏龍,0.03460580079595993
用餐,0.026517561012668403
附近,0.02283216040085563
蔬菜,0.022368985199825775
時間,0.016427571224326365
