term,score
bar,0.8012218651091648
朋友,0.2731910703948853
時間,0.18060318490813068
推薦,0.16495885940609137
