term,score
氣氛,0.19202488497838935
調酒,0.13674740970475494
喜歡,0.1269371789790253
適合,0.11940200909343827
很棒,0.11688087214274742
酒吧,0.10922532712821943
舒服,0.099784749246665
啤酒,0.09950370378211691
愛爾蘭,0.09901821893435198
親切,0.09510694555221921
店內,0.09192696178130975
好喝,0.07816411474994384
享受,0.07658395319513961
guinness,0.07575934010556204
