term,score
牛肉麵,0.16393394523091337
用餐,0.13497814532382196
滷味,0.10405948809548604
青菜,0.10171464210193212
番茄,0.0885704661300998
推薦,0.08142629407716702
炒蛋,0.08029731417383049
土豆,0.07805766013397963
搭配,0.07781802531877549
店內,0.07616637933269371
不會,0.07351247811834179
炒麵,0.07155529175951492
不少,0.07100951344115465
點了,0.05780012292979109
蝦仁肉,0.05349068276804829
絲蛋,0.045565223580394276
小菜,0.008375866088685666
