term,score
店面,0.21446214518603673
商品,0.15026468194247022
齊全,0.015471355065199546
