term,score
烘焙,0.25338739792997467
超好,0.16740783883643565
東西,0.15147385522957924
親切,0.06949138565700515
材料,0.034252933601942426
奶油,0.012561417921691603
