term,score
外帶,0.17835021305926077
50,0.14360416734627834
中午,0.13510277137077015
165,0.13163674862713465
內用,0.12774489497512032
點餐,0.09353209702874823
旁邊,0.05876715983539234
這次,0.05762853336345963
用餐,0.04163618758644956
適合,0.03591254707308343
生意,0.033890757046028994
自由,0.02962923406877536
鮭魚,0.02257782584683936
排隊,0.02204970822343158
喜歡,0.016900083555799278
210,0.00838140412936296
需要,0.007462623100684143
特別,0.004220234356528768
