term,score
整個,0.4828427124746191
不會,0.4828427124746191
