term,score
地方,0.11152888679785164
pizza,0.10754021200451892
喜歡,0.10450561289403298
銀絲,0.09416734525356858
披薩,0.09201619229082708
沙拉,0.07925443573471826
聚會,0.07361606334732174
口感,0.06987286909931428
平日,0.06735345656514423
偏暗,0.06680700355272064
手工,0.06089136306525651
氛圍,0.05896902416101664
距離,0.05559206407321621
整體,0.05463430724773758
奶油,0.04679570873225472
服務人員,0.041786236980724964
義大利麵,0.002899874322126045
