term,score
很少,0.1477992285534304
咖哩,0.08629074412264137
份量,0.06509586954028777
內用,0.04907335719994982
肉丸,0.03964934397791495
整體,0.028387564657823522
蛋包,0.023094109830720133
歐姆蛋,0.015118890979303634
醬汁,0.012396963470036423
