term,score
一次,0.07033512992995714
雞腿,0.03156245487374008
選擇,0.02715568010877778
紅茶,0.00461386759363025
