term,score
咖哩,0.3140504183612537
不錯,0.20321203111801855
紅茶,0.18170532326653788
肉丸,0.12973730874748662
