term,score
牛肉,0.3865446504010193
炒飯,0.1862247615741208
份量,0.16257521804639674
沙茶,0.14935553700917553
搭配,0.1315499195558425
點餐,0.12440300362736889
勾芡,0.12075775923604588
整體,0.11692275459526225
空心菜,0.0912187833281158
付款,0.07466385935388115
