term,score
水準,0.6965829307642863
飲料,0.6269906733833289
