term,score
飯店,0.27833571501756244
師傅,0.27126653980141285
雲錦,0.23031183123371327
今天,0.192841397840252
水餃,0.1531764885455771
完全,0.1489143236053409
特別,0.019353207257428034
君悅,0.012969275966103394
食材,0.011038157856679491
芹香,0.007991080335228141
