term,score
用餐,0.19701672274650234
中餐,0.12842524724253374
水餃,0.11632562422865185
包廂,0.1136894315365479
不錯,0.1121179673107587
聚餐,0.10920560848859653
君悅,0.10542253454603889
特別,0.10358654828276935
喜歡,0.0902921872217464
魚水,0.0829456145882248
