term,score
用餐,0.19312957738561903
包廂,0.11677701330971695
聚餐,0.10655879005228602
喜歡,0.08218062651956477
中餐,0.07899431456145004
鱈魚,0.0580407545024465
一口,0.021364528913877523
