term,score
客家,0.20046397721097461
親切,0.1512776298676982
值高,0.09675835598027849
cp,0.09675835598027849
星期二,0.08744724105207996
只有,0.08744724105207996
