term,score
生日,0.38536938352009553
一直,0.375642668385457
套餐,0.3421750573417347
披薩,0.33985583703666294
新鮮,0.31294799768108894
不會,0.26108956253566096
美味,0.2220709166777845
