term,score
雞肉,0.569116395686967
紅茶,0.16768888625955572
義大利麵,0.10187558238681484
便宜,0.06332455424421489
青醬,0.04498552535232815
