term,score
濃湯,0.17669453846375818
cp,0.1501162542979423
套餐,0.1369134737398673
自助,0.12493939024562123
不錯,0.11558937844609987
大利,0.11522630776569101
飲料,0.11496419996067206
紅茶,0.10398329098304414
粉醬,0.10235757201229465
青醬,0.10073138172892804
好喝,0.09165496790399466
下次,0.08375655884706067
還不錯,0.07960657947889792
整體,0.07493646838028474
