term,score
漢堡,0.5628195862237424
整體,0.20132154388466783
薯條,0.1793928308460917
推薦,0.1722954536921662
