term,score
飲料,0.19794240773428678
用餐,0.15573064188755043
套餐,0.1536422259887126
乾淨,0.1502226211198981
不錯,0.12032325966120555
漢堡,0.11962941444180338
絕對,0.1051098663257443
無限續,0.1004241157402638
份量,0.09958539952392917
還有,0.08907973530101783
裡面,0.08342162942254619
推薦,0.08226108732958083
薯條,0.08161310734769665
甜不辣,0.07685230445652994
友善,0.07516718359570675
日式,0.06567264473633501
店內,0.05791896481390865
