term,score
吐司,0.30573378528876577
整體,0.1029441895529819
怎麼,0.0845477575783771
點餐,0.08307973578522604
份量,0.0722845795054648
早餐,0.05200207925096684
明亮,0.03482798084586836
而言,0.027790173496120146
口感,0.02637068796679276
雖然,0.01807386455791072
這次,0.008772009292319354
座位,0.004273929527632746
歐姆蛋,0.003898372475162712
