term,score
肉桂,0.5326320073705697
包體,0.4230455053671375
糖霜,0.20028900808812397
125,0.19862402720992325
焦糖,0.1912117514350941
起司,0.17897694047784735
月霞,0.1666615066256792
