term,score
麻婆豆腐,0.16161126018371658
1010,0.12454340165586023
失望,0.09662867432022894
座位,0.08846780829534764
不會,0.08731906664630329
白飯,0.07665979608844793
太油,0.07008141613100678
今天,0.06469035301034226
偏高,0.04885914130694641
選擇,0.03887124957604894
40,0.03417477413919827
知道,0.02612194328490204
當天,0.02466274614162224
整體,0.011861578744358232
清淡,0.009884807174665763
