term,score
不錯,0.17280543401620185
適合,0.17016349726879743
肥腸,0.16043000200212945
份量,0.14807169656926145
臭豆腐,0.13485316653778773
調味,0.13396480620516577
用餐,0.1307712283006348
小炒,0.12813144793966408
白飯,0.12165847420446808
棒棒,0.11352128824005758
炒蛋,0.10720522710400568
年糕,0.10412249308691934
孜然,0.09673894415431579
神仙,0.09673894415431579
起來,0.08868322002436677
喜歡,0.07693088542186945
松子,0.07677531940704507
牛肉,0.07677531940704507
排骨,0.0717100374684699
