term,score
知道,0.4110891547431507
一樣,0.3948711415783149
完全,0.32812046917803567
