term,score
看看,0.26255290955887217
聚會,0.20247291270650053
適合,0.1850530060904403
今天,0.1760613021365121
早餐,0.1139600025178498
朋友,0.08675500454809844
午餐,0.07547390801979825
火腿,0.07085021047841744
沙拉,0.04964980036398452
義大利麵,0.04924780965816053
整體,0.0388249450100729
聚餐,0.0147176450432044
