term,score
氣氛,0.18841167443939552
份量,0.12579569926972603
咖啡,0.11786942291360875
聚餐,0.11352227454452893
香蕉,0.10823391826209804
點了,0.10481946064003259
推薦,0.10468231019348438
香氣,0.10426337976051647
氛圍,0.10114379945524742
搭配,0.09245931983752742
不錯,0.09212157873439084
建議,0.08865457688360177
整體,0.08704519821676956
不過,0.08565244402163076
用餐,0.08404686192913946
超多,0.08186666726657256
大利,0.07937298850789781
選擇,0.0748803225454222
woolloomooloo,0.06226552621232323
