term,score
氣氛,0.2623285555093263
口感,0.13261188437208482
沙拉,0.12439776392290333
