term,score
咖啡,0.24849580727440135
鬆餅,0.2021505243736517
舒服,0.13130709908153843
披薩,0.12159486407193504
鮭魚,0.1160045804265381
親切,0.11309621573241975
用餐,0.10963211282451617
選擇,0.09625021941640266
好喝,0.09349689210668617
適合,0.0832916485636044
份量,0.08326665095695529
選項,0.0730814172924513
