term,score
套餐,0.43094010767585034
沒有,0.40982554587583353
主菜,0.3203828267758419
