term,score
一般,0.035102416197181345
一鍋,0.035068276595142986
特別,0.033056276494953046
五花,0.03232239421500431
用餐,0.03126808389350195
