term,score
新鮮,0.05894594538802697
cp,0.05038579247724662
推薦,0.03942564691353681
食材,0.03474346676378952
親切,0.03159072229692593
