term,score
義大利麵,0.22814914780292755
平價,0.1713817895294827
附近,0.1146009450215435
座位,0.1068360074306086
午餐,0.10535883653223402
腿肉,0.09082027791450789
時間,0.08823064589328818
青醬,0.08786696800244044
雞腿,0.08713869005152407
友善,0.07991698125733593
松山,0.07534825139859622
咖啡,0.07422584167167605
親切,0.0698771148004436
用餐,0.0683836781252391
好喝,0.06641284085577834
中午,0.0658420835797609
上班族,0.0658420835797609
小店,0.06459528237376969
排燉,0.05288611218550029
