term,score
餐具,0.24253562503633297
普通,0.24253562503633297
不太好,0.24253562503633297
健康,0.24253562503633297
加水,0.24253562503633297
台北,0.24253562503633297
太貴,0.24253562503633297
整體,0.24253562503633297
漂亮,0.24253562503633297
適合,0.24253562503633297
生會,0.24253562503633297
當店,0.24253562503633297
網美裝潢,0.24253562503633297
而言,0.24253562503633297
蔬菜,0.24253562503633297
觀光客,0.24253562503633297
一直,0.24253562503633297
