term,score
用餐,0.18041443326655152
蛋糕,0.1241558155245087
推薦,0.10849473774491702
舒服,0.10670470199976022
泡茶,0.09969167443608165
體驗,0.09658975560535216
五花,0.08096457598797509
水餃,0.07640543145586362
親切,0.0720494996902582
建議,0.06871995134371334
飲品,0.06407733010233642
鳳茶,0.05318401706593821
服務人員,0.052759415340319596
態度,0.052759415340319596
