term,score
用餐,0.1812597381440357
空間,0.18028798592119236
已經,0.1135805962362216
原因,0.08000865762227724
刀削,0.07301830976070238
炒餅,0.06437494468637046
入座,0.055890497813581186
水餃,0.047272428196144786
擁擠,0.04440772968185016
口感,0.038901109602899726
濃郁,0.008295188955693852
好喝,0.0043017583743664295
牛肉,0.0033381035834066097
冷氣,0.002759939610230147
