term,score
份量,0.344269818394462
甜點,0.250061730031953
沙拉,0.23027295720396146
點了,0.14508300452905046
只有,0.13681504446212006
服務人員,0.10246541558416876
加上,0.046278274026505986
