term,score
比薩,0.21629769927455025
提拉,0.11589892748615142
pizza,0.10028233091231972
雖然,0.09331550035474644
太陽,0.07714257022572679
今天,0.07162351532015686
義大利麵,0.07151609154340323
套餐,0.06567386095356131
喜歡,0.056742665719617696
前菜,0.048905500862295836
招牌,0.04844137725293113
喜來,0.047133806030560485
用餐,0.045173016572722935
驚喜,0.04002918761675983
整體,0.014027927360151349
披薩,0.0014678706309490253
口感,0.00142649476813142
