term,score
可頌,0.33007400742746107
美味,0.12195646046410943
不會,0.11652719144235724
奶油,0.10482197192919729
搭配,0.08266111679181146
健康,0.08229060718408422
推薦,0.04613698905143075
適合,0.04052247476548929
雖然,0.038866089640117056
蒸氣,0.024925891177217108
玉米,0.014062716230648212
偏高,0.011071719372911001
