term,score
只有,0.23973227743213227
服務人員,0.2372537415292507
直接,0.22577317214646198
道菜,0.19012317795142208
一道,0.19012317795142208
其他,0.189349381850281
點了,0.18828165564814922
起來,0.16367498255557214
問題,0.16143079129530052
上菜,0.16143079129530052
點餐,0.16046488828773403
超級,0.16046488828773403
不是,0.13585159192432747
反應,0.134885688916761
不會,0.134885688916761
