term,score
這次,0.20865428948617437
港式,0.19452266881177743
用餐,0.1651562828861699
很多,0.1564197231007195
巨星,0.14027031111949795
巨蛋,0.1368404337200752
聚餐,0.13368329060859324
整體,0.13315790155486676
腸粉,0.12423819358978572
建議,0.12423819358978572
小時,0.10960956657426912
24,0.10960956657426912
調酒,0.1072008260371281
營業,0.09415893272587195
折抵,0.07807434590609323
未來,0.07478082824475238
