term,score
午餐,0.25723876335516177
平價,0.13050512387517466
知道,0.11373063620908047
