term,score
美味,0.13992430173932563
蛤蜊,0.13341603180022632
時候,0.12422379673389092
街口,0.10515339711063038
起司,0.09820713415050264
餐包,0.0973899037495669
濃湯,0.09630329464445946
檸檬紅,0.09358508068790801
便宜,0.09154070755235359
套餐,0.0880209208390528
附近,0.07598237303854302
白酒,0.0696167615667909
店內,0.06824535567431966
蔬菜,0.0661039370147934
義大利麵,0.06596729262047754
玉米,0.06350911240174288
50,0.060095796250537584
份量,0.03957570910429352
