term,score
火雞肉,0.3681928955985179
知道,0.2845091187946744
吃過,0.2845091187946744
