term,score
101,0.17469286004453993
限定,0.15630959757243004
其實,0.1309712320145736
套餐,0.12700398949577038
白菜,0.10746104313763476
主菜,0.10510968100315538
雞肉,0.06291444462944415
沙鍋,0.0530454226481763
湯頭,0.05132274286187119
配料,0.0493084692707524
魚頭,0.04645661341535612
一樣,0.04549190757574613
豆腐,0.03659178268554095
豆皮,0.03659178268554095
台北,0.03360763030246882
飲料,0.032237074057822154
裡面,0.027578997477338253
小菜,0.02146078634541114
魚排,0.006606136949042649
