term,score
推薦,0.3253155460544489
氣氛,0.31583360086881224
好會,0.31583360086881224
適合,0.14138604823587034
親切,0.14138604823587034
葡萄酒,0.14138604823587034
聊天,0.14138604823587034
種類,0.14138604823587034
東西,0.14138604823587034
朋友,0.14138604823587034
師專業,0.14138604823587034
大大,0.14138604823587034
地方,0.14138604823587034
喝酒,0.14138604823587034
侍酒,0.14138604823587034
