term,score
可續,0.4830911774904222
整體,0.47529728294952794
親切,0.40322130277719237
石鍋,0.30030067449530873
小菜,0.13303940767998224
