term,score
用餐,0.2540844289167344
第一次,0.15649569047859688
義大利麵,0.09873293447899174
整體,0.0776018030269361
完全,0.07065424381638907
白酒,0.06633573733809435
濃湯,0.06209798003137042
蛤蜊,0.040063518220599434
大概,0.02619321030700466
香蒜,0.021840354912575605
奶油,0.016287649833974724
足夠,0.01609549504559049
份量,0.0152615105147271
今天,0.012441399730840325
自助,0.0019128690428531214
