term,score
小美,0.15908207574773423
冰淇淋,0.14105261140405237
飲料,0.11652539867770281
內用,0.10715642520681207
實惠,0.09537212643880498
雞肉,0.08789181403816476
辣味,0.08688418019707589
速度,0.08376012782875446
蒜片,0.08189657003237565
很快,0.0799948875344933
享用,0.0768190752970132
店內,0.07517557754787621
免費,0.06777100439138235
蝦子,0.06578666322528219
平價,0.05782941430664784
cp,0.041162477151336724
