term,score
座位,0.49233553703261135
飲料,0.48259421077358766
完全,0.4353954059492991
