term,score
咖啡,0.1273160152410913
下次,0.1068456381042095
松露,0.1062411800044083
空間,0.09471911835990501
薯條,0.08704064713763193
拍照,0.07872611780623205
比例,0.07451933561833333
白酒,0.06543849897170533
小店,0.06354454817025142
氣氛,0.06330574271855147
點了,0.05894087558436839
那種,0.05079780006087105
時間,0.04568267531426959
擺盤,0.042800701931089064
口感,0.011539611858783008
舒服,0.011205919604656
特別,0.00145480243751709
