term,score
品質,0.2613551401896122
適合,0.15346118533790448
壽喜燒,0.09436078613254023
momo,0.023977414148535492
