term,score
用餐,0.24226214391511175
蔬菜,0.12550010460154312
朋友,0.12201257932173738
快速,0.11648397397494857
很快,0.11380319978476752
甜點,0.09595545954270168
提供,0.09343411706613557
貼心,0.09231989611337593
新鮮,0.09179335996864532
一直,0.0782273452154126
每次,0.07034908158407946
推薦,0.066329891931283
