term,score
之前,0.16940394300340594
配菜,0.1562193961562543
第一次,0.11567237739559344
知道,0.10009121784549024
不會,0.09312300740526361
