term,score
選擇,0.23865109174630883
份量,0.1933647700847534
健康,0.17244382588379248
還有,0.15648726027814516
