term,score
選擇,0.20035796221495045
份量,0.05411464625969509
新鮮,0.03897402310338238
蔬菜,0.028144766139410415
健康,0.027902822002793287
今天,0.002661662636206416
