term,score
薯條,0.3217493050239732
漢堡,0.1933750385225947
