term,score
客人,0.2734052404681401
外帶,0.20146692942432012
王品,0.18673376695396293
其他,0.18607850278044324
發現,0.1843584198231071
裡面,0.16504218825401068
什麼,0.1611384989421295
完全,0.14671854955140318
一下,0.11904118186030932
今天,0.09949929619392076
