term,score
湯頭,0.15972724002732935
座位,0.15704969761782633
點餐,0.13725560010258753
沙茶,0.12961728353755403
好喝,0.10235001512909206
辣椒,0.10078763585275322
cp,0.07618390879183132
狹長,0.07612235052148034
或是,0.06923688276963355
空間,0.06882533386572337
紅茶,0.06864723777247499
飲料,0.05396432307243481
用餐,0.041452871149231185
內用,0.0315318275706819
冬粉,0.016541593900133364
看看,0.015426946780172382
下次,0.01386484448622282
不要,0.008540009163239687
白飯,0.0008598123458073426
