term,score
清淡,0.032670463912347375
整體,0.02993808037146387
桌上,0.026766481174029827
用餐,0.026428037522272612
點的,0.026178374215918586
