term,score
好喝,0.05449036784855962
親切,0.037674502619769755
喜歡,0.028226923333980004
美味,0.027916769734005416
回訪,0.024519896840484473
