term,score
知道,0.26795504901568923
份量,0.1982178014846591
生菜,0.07203597715956434
鮭魚,0.03097494207269852
松山,0.018174784506715003
10,0.015136122649942269
