term,score
點餐,0.14898368795917638
不會,0.12702862108781782
乾淨,0.11572293308060846
搭配,0.10376239449163799
自由,0.0813248939171489
二樓,0.07287785116610304
機場,0.04729544064536921
食材,0.0076420914429709275
新鮮,0.006426577264673675
