term,score
滷肉飯,0.36922716751890744
燒肉,0.1508448075933805
帥哥,0.10581061964403907
用餐,0.08796685128188331
享受,0.0840128293483481
份量,0.07456261262809603
看到,0.07216074898526464
一份,0.07108255832437
今天,0.06892087645964182
吧台,0.06180026317939838
小菜,0.052508793968627766
缺點,0.04264119558508386
