term,score
第一次,0.43507480707452656
野菇,0.3930466498960151
餐盒,0.07834215880980669
