term,score
便當,0.22511505333035706
健康,0.20891451201752548
配菜,0.16929062966776795
清爽,0.13631903674351095
調味,0.13035110879757497
份量,0.12920658792778875
負擔,0.1237453788001771
用心,0.11332550790507818
美味,0.1066607058942508
雞胸,0.09867195008192167
肥嫩,0.09867195008192167
食材,0.09302270037286171
