term,score
使用,0.20201623002690433
不要,0.13614531424671178
奶茶,0.13614531424671178
薯條,0.08821950611946824
這種,0.010697735236051761
吐司,0.00024792942525891926
