term,score
內用,0.16572777731866573
點餐,0.16160071571374393
沒什麼,0.13612691684907327
整體,0.12577677688979713
早餐,0.11219498038318229
超級,0.10556271208590842
玉米,0.10203080179157248
蘿蔔糕,0.09988892396630904
口感,0.03985974002225031
早上,0.0378734522810209
第一次,0.03216729431012594
可朗,0.009155429733842882
這麼,0.0021575562478607854
