term,score
體驗,0.432494929940084
麻油,0.41889179205903004
整體,0.3934569263657548
搭配,0.3778486183483393
用餐,0.274187551152939
豬肝,0.20572856525840294
