term,score
用餐,0.21403433976675507
米其林,0.18406354144574005
晚餐,0.159774085488998
雖然,0.10159335516661486
感受,0.09833641521407768
師傅,0.08236352434747626
美味,0.05651244501414148
整體,0.05638983764845566
尤其,0.044596603197446724
日本,0.04354607307940767
食材,0.03708472317362298
方面,0.02822488339972834
特別,0.027501597745153844
摘星,0.020601884308200993
推薦,0.01698085866895717
生魚片,0.01452776542216283
cp,0.0024666496859714754
