term,score
體驗,0.15376508445976222
用心,0.10538995889308486
超級,0.09009491310073661
壽司,0.07916520658228376
口感,0.07789527356702852
午餐,0.07139353433283169
或是,0.07102366965546185
海膽,0.06812795465435134
不同,0.06799058000446506
很棒,0.06048570826352771
鮑魚,0.05215916509360086
香氣,0.04874984935536843
新鮮,0.04537389348882624
完全,0.04280431681160428
比目,0.038137056159479744
不會,0.019632209396426945
每道,0.016682816578934126
水準,0.007418175272805236
