term,score
很多,0.47876937002347036
知道,0.3385410681680073
生魚片,0.3385410681680073
