term,score
鮭魚,0.16527760029403427
照片,0.13012467990581353
問題,0.11756451554426917
結果,0.11750610465280754
不行,0.10269223179840975
uber,0.10005490392121245
完全,0.08935388930808202
外送,0.08072080559684436
配菜,0.05282966833493563
乾柴,0.04574599965129166
今天,0.04546128542022206
