term,score
雞肉,0.14718799227072182
雞腿,0.1309098843380816
烤肉,0.10914807355114307
餐盒,0.10431015871355875
希望,0.09728706700324935
便當,0.049985865406527
健康,0.03126198233536895
