term,score
明亮,0.31499959945637956
飲品,0.30272252119385684
不會,0.2323726451079167
推薦,0.22664164182547275
雖然,0.2203918396712678
咖啡,0.06769651445358874
