term,score
驚艷,0.532776812050107
這次,0.5138124271133911
不會,0.40140857938825425
水準,0.35362547131258526
