term,score
飲料,0.23570226039551587
還算,0.23570226039551587
不錯,0.23570226039551587
人點,0.23570226039551587
份量,0.23570226039551587
兩個,0.23570226039551587
套餐,0.23570226039551587
情願,0.23570226039551587
手機點,0.23570226039551587
明顯,0.23570226039551587
服務鈴,0.23570226039551587
桌率,0.23570226039551587
欠佳,0.23570226039551587
沒辦,0.23570226039551587
法點,0.23570226039551587
詢問,0.23570226039551587
趕翻,0.23570226039551587
不是,0.23570226039551587
