term,score
牛排,0.033207037540374
韓式,0.03071514983696494
白飯,0.027555731822823764
分鐘,0.025635021564721472
便宜,0.025306930281411868
