term,score
美味,0.04050543027056242
舒適,0.02654252820906729
一口,0.02511742575880533
親切,0.023565421806018328
套餐,0.023254613179664117
