term,score
整體,0.1876328043031693
飲料,0.14498912144915255
烏龍,0.10495628474870591
氣氛,0.09986123446321911
回訪,0.08630783902598224
調酒,0.03994599767730923
特別,0.03344951135255285
