term,score
不錯,0.22664514485593001
台式,0.20832760941130063
份量,0.19773717648355624
適合,0.1971119441085236
三五,0.16900896317168024
用餐,0.14774028515781026
