term,score
菜單,0.2364656575552191
熟度,0.17218935343133807
用餐,0.11117000042366772
顧客,0.10967432317804965
油煙味,0.089559707096561
一起,0.08488258964484505
廚房,0.08046450860407114
一份,0.07457956958605214
cp,0.07152085139158394
點餐,0.05976456970713227
好喝,0.042614251095344016
時候,0.03853061421509678
取用,0.03600432795247317
店內,0.03521331932689057
另外,0.03146625108275729
容易,0.029822523624819162
調味,0.02360235271750579
法式,0.023565089487639267
美味,0.020508766159202607
套餐,0.0183952672356563
特別,0.016498832699394214
