term,score
滷味,0.23371255041770736
拼盤,0.17057571106461994
特色,0.13714670046221183
用餐,0.11957864371487434
算是,0.11184007164411602
一次,0.10345897393868542
份量,0.09557964048767875
調酒,0.06658297350009904
真是,0.051243019176828636
飲料,0.0466393962561909
推薦,0.04002393184336043
麻辣,0.0034994469393674205
