term,score
美味,0.46100696576792694
一段,0.25386979568757334
雪莉酒,0.2501963103629346
牛排,0.2501963103629346
西班牙,0.2323107390599383
主餐,0.21767879791308253
炙燒,0.2163568314989518
份量,0.20678237606235203
酒精,0.19612310873932248
適合,0.1909199359453146
慢燉,0.17620993262617962
章魚,0.16455232802751102
開胃,0.16291379309364273
調味,0.158719729466766
氣氛,0.09639362904749711
