term,score
咖哩,0.4155029011399094
咖喱,0.17336622936717772
歐姆蛋,0.15494507182215908
豬排,0.14279117422529092
不錯,0.13184285551091368
紅茶,0.11626630718387201
時間,0.0979325393178017
親切,0.09758933550858236
歐姆,0.09098816192860103
沒有,0.07790288068645415
濃湯,0.07016716552541565
不會,0.06684342605963811
還有,0.06668667514094223
只要,0.05854613771005496
飲料,0.05854613771005496
超級,0.0578492197813376
內用,0.05512346238575474
