term,score
10,0.35656588045519705
服務態度,0.30776005381235794
咖哩,0.30776005381235794
泰式,0.29267822395520304
