term,score
搭配,0.25281100577397153
食材,0.2150089278221054
主廚,0.1999613476297174
自由,0.14317662972581785
風味,0.02827051498255717
30,0.015336288751886168
適合,0.0008440582880196446
