term,score
用心,0.20374810361338658
搭配,0.1844942690814451
體驗,0.15746391834356604
一道,0.13759251571252967
預約,0.1323794015188486
朋友,0.10625156703091823
創意,0.09168689580611124
適合,0.09141065093079086
可頌,0.08172778862582968
鴨肝,0.07784509603910282
松露,0.06402716551629442
豆腐,0.05869425734806082
