term,score
菲力,0.610598337296857
蛋糕,0.4642508641783909
甜點,0.42660668589320383
