term,score
份量,0.15819864931383698
餅皮,0.09398547905023484
醬料,0.06592366233077072
提供,0.06386614286831027
100,0.023490651201282076
配上,0.015953169586222463
