term,score
taco,0.18786322975818656
墨西哥,0.1466480883992422
玉米,0.14265683610280727
肉桂,0.14208606625825543
自助,0.13878595864174503
牛排,0.11663937940771206
口感,0.11425070794541996
洋蔥,0.11301804669332828
好喝,0.11090163309007407
醬料,0.09948729436942316
不錯,0.09365502778749292
花椰菜,0.09242005132547859
點餐,0.09227225019968242
建議,0.09084553757428289
香氣,0.08752476778673314
牛頰,0.08390574974144499
不過,0.06512936171764502
軟嫩,0.06264899606416285
搭配,0.060438280545447795
