term,score
偏高,0.04513842971857367
不要,0.028839229896838216
價錢,0.028679594367348744
雖然,0.02756133857595181
知道,0.025881996695151455
