term,score
推薦,0.040446144481090636
親切,0.03794993792902398
一道,0.028467523703314776
舒適,0.028280364519547168
值得,0.026336141625224737
