term,score
建議,0.17091571865647281
咖啡,0.16881142320859527
不會,0.10048732961055455
美味,0.0833923588850334
午餐,0.07360382009099437
