term,score
喜歡,0.24797879540058435
整體,0.1489689378233946
份量,0.14129111358903249
也好,0.12708934851621884
剛剛,0.10743354868061278
空間,0.1055626496148916
偏高,0.1049655747800618
用餐,0.1028861565822299
建議,0.10021856757310055
小時,0.08649222902601719
推薦,0.08621814982276055
沒有,0.08486624791577058
時間,0.08294505763402811
三明治,0.08178026249860738
