term,score
牛排,0.4376494403223371
用餐,0.34295208275191563
態度,0.3214760413759578
普通,0.2673591881500702
旁邊,0.22147604137595783
