term,score
用餐,0.3082315846289492
不錯,0.19529902919024333
介紹,0.1944052989315103
牛舌,0.14375266701992373
部分,0.12634771545385942
服務人員,0.11382794478307712
空間,0.11146752182814287
整體,0.1075793187528664
體驗,0.09452949621941525
