term,score
完全,0.21005318656759192
只有,0.15234184520338873
知道,0.13504806441133604
老人家,0.13133775188113275
外帶,0.12690617780537838
不用,0.10625968905714336
泡菜,0.06735588080763244
評價,0.05134549128437203
點了,0.04777856220860671
看到,0.03274893047315568
年糕,0.03131155707039328
銅盤,0.029341750404551475
店裡,0.003676622871961313
蝦子,0.0002666629897327133
