term,score
小菜,0.18217140764471068
石鍋,0.14472340067752684
親切,0.1001890322847538
cp,0.09741798586167852
喜歡,0.0944294690032377
阿姨,0.08344898086641953
湯汁,0.06951409247827164
雙人,0.06404658983977245
菜單,0.058040464148976526
下次,0.05095364265380834
本身,0.04736267279011444
豬肉,0.03004474103621188
烤肉,0.014941255919698887
份量,0.014059532820522733
韓式,0.0035975187851933904
