term,score
410,0.15734715400030286
整體,0.137688082909674
主菜,0.13015805735920868
湯品,0.11162317798824789
前菜,0.0709947598736555
中午,0.06313190816371815
午餐,0.058408721496268065
消費,0.05788404217451353
玉山,0.015240128305455139
套餐,0.012829801972089674
lulu,0.011328664833897703
