term,score
漢堡,0.5669467095138409
酪梨泥,0.3779644730092272
一點,0.3779644730092272
非常少,0.1889822365046136
酪梨蛋堡,0.1889822365046136
這樣,0.1889822365046136
迷你,0.1889822365046136
破百,0.1889822365046136
生菜,0.1889822365046136
炒蛋,0.1889822365046136
很小,0.1889822365046136
夾餡,0.1889822365046136
外帶,0.1889822365046136
一片,0.1889822365046136
