term,score
早餐,0.1817194559725193
肉蛋,0.16333438779206044
奶茶,0.1006213011469092
點了,0.08621078129723854
六甲,0.08531051328552995
氛圍,0.07829822483189657
偏高,0.078061235400319
櫛瓜,0.07613996242447924
套餐,0.0734594902072703
一下,0.06804293625290948
大安,0.06702365919730832
10,0.05886183226695958
發現,0.04608174861086226
吐司,0.01453986748019409
