term,score
番茄,0.1765862674890462
提供,0.17226145058818612
水果,0.16142507761236413
好喝,0.15951446454397838
推薦,0.12475955785637764
份量,0.0653416903076603
