term,score
西班牙,0.23876086970255486
不錯,0.14906175333899147
親切,0.13938747905033405
用餐,0.1254889416256014
海鮮飯,0.11364108306902389
份量,0.11176813768421467
豬肋排,0.09953130234735602
偏高,0.09242592311057904
氣氛,0.09209936992898318
喜歡,0.08848702546101016
沒有,0.08444202627162324
墨魚,0.08416638656902797
推薦,0.07777202266508022
適合,0.07048204566261804
必點,0.06935361202983942
問題,0.06711483110128155
