term,score
蛋糕,0.04544552692558532
看到,0.04544552692558532
