term,score
整體,0.09945398848285827
舒服,0.08689431097197724
超級加,0.08624936888384499
看到,0.07810379221623767
喜歡,0.07705335514695619
一般,0.07203529315374306
雖然,0.07100839545276327
蛋糕,0.06865074480316401
這次,0.06822449412086973
划算,0.06633936003214337
偏淡,0.06022363190244745
超級,0.05849290250665934
學生,0.057782673453407346
乾淨,0.04984804746896441
朋友,0.02257426082040878
點餐,0.011839868673810712
鮑菇,0.004417022056949944
套餐,0.0038495941622384983
