term,score
結果,0.2696648657123738
今天,0.17678798407751312
還要,0.16641523382116086
一下,0.12857443490112105
時間,0.11256047279371639
20,0.0835574399941342
點餐,0.07543650408433793
取餐,0.045825939232054066
