term,score
還要,0.344887651767585
今天,0.344887651767585
