term,score
還是,0.2255922317655456
外帶,0.2255922317655456
