term,score
外帶,0.21188367636637945
披薩,0.02299201102283549
