term,score
點餐,0.17130917966567016
蛋餅,0.14465369660951932
外帶,0.12890481142344157
搭配,0.0747062197801011
品質,0.07284127943682281
吐司,0.07139829090099663
奶茶,0.033097790796912205
內用,0.005314007297597359
