term,score
推薦,0.15518285952566224
值得,0.13823806304142153
早餐,0.11183546624525018
人潮,0.10098403860090331
看到,0.06567151176116051
咖啡,0.053108132030871905
用餐,0.049961622900627785
蘿蔔糕,0.030012500146248136
油煙味,0.00980320237231843
