term,score
咖啡,0.3279509336663198
地方,0.1989315020372971
好喝,0.06855916165629297
