term,score
早餐,0.4078628226404455
飲料,0.1838777967938252
裝潢,0.16676856086914021
起司,0.1536509445301805
低消,0.15123235350396275
份量,0.15017156799414483
看到,0.15003987461679846
整體,0.14927244282041935
一杯,0.12213565761787974
朋友,0.11161696685666611
美式,0.014328022069066207
