term,score
花生,0.330977205229904
蘿蔔糕,0.26576152203381226
吐司,0.18746336557213275
內用,0.17246066337365168
午餐,0.1069351726623155
10,0.06325024738100782
豬排,0.02870482836014114
歐姆蛋,0.012733639871410171
