term,score
早餐,0.21807667376534123
大安,0.1452406712622219
漢堡,0.11955379940774194
今天,0.11668987442129852
推薦,0.10807832208356594
外帶,0.08481195848308601
雖然,0.002441195426127876
