term,score
早餐,0.3434647247344796
推薦,0.1800108745282285
大安,0.16796426583285756
今天,0.1292724557074349
奶茶,0.12190200100186681
外帶,0.11138816784459613
午餐,0.10181272878423692
