term,score
肉圓,0.36515580532882186
口感,0.04509452016519938
竹筍,0.025585647491053437
喜歡,0.017378960655314427
