term,score
臭豆腐,0.16746753087180832
方便,0.14792978460522307
自助,0.14643384682242763
點餐,0.13909230363729203
調味,0.13389901246249636
b1,0.11637693155418893
座位,0.11525384631982313
整體,0.11145900470360577
美味,0.1057725803570123
舒適,0.09917620872948729
適合,0.09839700411638383
付款,0.08073342209028465
