term,score
泰式,0.1876978582998753
咖哩,0.18699132653714853
沙拉,0.1779242612511671
今天,0.15609440985230313
推薦,0.14665648816066398
素食,0.1449513341522998
服務態度,0.13187270065806866
份量,0.12304880989420229
還是,0.11657398522916523
不錯,0.11657398522916523
酸辣,0.10458489314736374
特別,0.09811006848232669
