term,score
份量,0.23892526309710327
不會,0.15124699336695535
包裝,0.11955150699137139
醬料,0.1080793001691199
醬汁,0.10645786004894037
麻醬,0.1041121665123452
舒肥,0.0999346992860719
另外,0.08835841680417145
cp,0.0872725698911852
花生,0.06834169771612236
口感,0.06413654791712278
