term,score
生日,0.7880209957360745
特別,0.25827240996439077
菜盤,0.2514603975299114
湯底,0.21831038720558787
