term,score
米其林,0.15856294816634478
雞湯,0.11565530602268276
喜來,0.09698826087282342
服務人員,0.09133439718561517
第一次,0.09094206219691456
印象,0.08844644941212804
特別,0.08464235153501742
不會,0.07287004446699297
麻油,0.0720539468879606
小菜,0.06910012892735369
豆腐,0.06403454991432753
砂鍋,0.06248291223443456
濃郁,0.061810471419438004
一品,0.05447786041329286
包廂,0.05001636541614336
白菜,0.03311879593685415
客樓,0.01871124405414787
