term,score
座位,0.4756539893043508
直接,0.47540509344959675
飲料,0.4480085034458501
感受,0.3845449146667791
