term,score
咖啡,0.4799189160562386
咖啡店,0.14592047239695477
好喝,0.12650187672703306
今天,0.11793480760397645
空間,0.09726037958539344
意外,0.09610192486467817
親切,0.0957731741277369
品質,0.0943010866333325
座位,0.09277080577635971
咖啡豆,0.08349840149454033
值得,0.08135380312767643
