term,score
女生,0.7091105913767063
cp,0.6228106204599554
