term,score
蔬菜,0.18823693395499005
健康,0.14697912801641408
毛毛,0.140233281854928
超級,0.12203730953570788
清爽,0.10851358144422285
口感,0.10286072012480899
胸肉,0.10219574174519376
整體,0.1007245805488939
飽足感,0.08825900822814271
喜歡,0.08110764830895374
蠶寶寶,0.07637816057852222
海苔,0.07074881799945598
舒服,0.06768005559487272
豆皮,0.06455220234451425
適合,0.06298080488504151
今天,0.06238518859001017
軟嫩,0.05662138060986806
紫米,0.05239543170559514
調味,0.05101407891567038
生菜,0.04476048562138223
