term,score
香氣,0.24253562503633297
期待,0.24253562503633297
主廚,0.24253562503633297
乾柴,0.24253562503633297
咖啡,0.24253562503633297
品質,0.24253562503633297
奶香,0.24253562503633297
有關,0.24253562503633297
沒有,0.24253562503633297
這個,0.24253562503633297
滿足,0.24253562503633297
相應,0.24253562503633297
肉質,0.24253562503633297
胸漢堡,0.24253562503633297
至少,0.24253562503633297
認為,0.24253562503633297
不夠,0.24253562503633297
