term,score
用餐,0.25494203434828033
龍騰卡,0.13139482941646266
牛肉,0.06381440029401861
起降,0.013489622300696114
舒服,0.011049327741569429
牛肉麵,0.007834095323915491
