term,score
牛肉,0.34600347178210095
飛機,0.2156739979497832
機場,0.19162445250506047
咖啡,0.1530399915907638
松山,0.14638832332521437
套餐,0.13960296381306597
龍騰卡,0.12781333258827526
使用,0.12685441967491196
