term,score
松山,0.14503725647798263
機場,0.12798802118835811
飛機,0.11679317155585728
咖啡,0.07021878632147903
套餐,0.06291295408844665
使用,0.052235129220326776
