term,score
驚艷,0.511105165077727
櫛瓜,0.4493668657108344
店內,0.4357845804126877
炸豆腐,0.4225903695181153
