term,score
冬瓜茶,0.2360297746107137
湯頭,0.07867833101885983
辣椒,0.03765269959835928
喜歡,0.031665459779835564
餛飩,0.02300175284475353
