term,score
麻辣,0.1617519947026446
牛油,0.133342532826602
東西,0.12650188625165681
親切,0.12439664784901985
貓貓,0.08965507583021755
親人,0.08965507583021755
飲料,0.07954746340477137
店內,0.07455562082986476
第一次,0.012523692892227989
湯頭,0.002359200436924294
