term,score
胸肉,0.20566312542323056
選擇,0.15857227618948327
好喝,0.1563498689615533
增肌餐,0.13866522044702134
店家,0.1356989349727342
健康,0.13329823484705627
份量,0.12398032154073033
炒蛋,0.1197809180174908
附近,0.11909337990723289
可頌,0.11776609416310169
沙拉,0.09996071552919997
飲料,0.09770779629908523
