term,score
魷魚,0.36527353684049924
甜不辣,0.3261940569307651
份量,0.253470285518901
方式,0.23558184951008274
支付,0.18595378769168977
看到,0.10031413581050347
霜降,0.005857818341661214
