term,score
雞排,0.34248433980694365
外面,0.13116593194083226
雖然,0.09504867657273668
