term,score
雞排,0.31968339090238795
霜降,0.13787786870149607
可惜,0.13364083616719752
外面,0.11533500999135674
雖然,0.10513836070270399
