term,score
午餐,0.19344402515468617
貝果,0.17355973318032328
沙拉,0.12360655930348577
cp,0.12045350775739358
速度,0.11447531733279645
墨西哥,0.1043212433846988
牛肉,0.10079970266172435
還不錯,0.09933384284620214
份量,0.09184751256678464
位置,0.08432396688130865
很多,0.07947027649452178
雜糧,0.07780999051278772
推薦,0.07660334283034125
搭配,0.07571165810719183
那種,0.07207035653881409
整體,0.07019068080142499
歐姆蛋,0.06338921911431437
10,0.05932518484803909
飲料,0.05755370504153068
生菜,0.05629045699185479
