term,score
口感,0.5984617125293379
巧克力,0.47000643766335115
花生,0.3582030387883617
