term,score
可可,0.2772957477003921
沒有,0.24067988828912065
漢堡,0.23397611189704168
巧克力,0.16204414344753407
巧克堡,0.1582887631833708
起司,0.15045382753594994
餐車,0.1484918454487847
整體,0.136767301430615
花生,0.13631491071548765
薯薯,0.12681429289059915
遇到,0.11598521824923805
還不錯,0.11253655192283345
冰沙,0.10024651852657734
梅子,0.0911307480714722
招牌,0.08692423799388213
多汁,0.08208742795541803
環島,0.07707988870836868
