term,score
用餐,0.3432957276474984
連鎖,0.14691348626045633
咖啡店,0.12561137494857838
qr,0.10654802107015121
到櫃,0.10348913273316993
超級,0.10314357200475026
時間,0.08131673706173285
漢堡,0.07825136875757505
推薦,0.07053951806920472
吐司,0.03235700821769129
komeda,0.023502779962274213
整體,0.012882084903399982
日本,0.010144095019062126
