term,score
咖啡,0.20948451533847104
點餐,0.18099825420989543
座位,0.17599334793802854
插座,0.12267107988923545
吐司,0.11115181190139416
一樓,0.10585476722320575
出餐,0.10014928745939117
冰淇淋,0.09497362937474288
qr,0.0927342256322699
早餐,0.08723220541075981
推薦,0.08680206977111754
客美多,0.07210185608844373
舒適,0.06665743951103677
搭配,0.0653455279811764
朋友,0.045105053557157694
