term,score
服務人員,0.3233937002358514
薯條,0.13269293021703454
氣氛,0.10428606309939534
一起,0.06347988745451941
親切,0.061668569843588886
