term,score
推薦,0.16825963046539133
烤餅,0.15724790793062457
飲料,0.15418669732536533
啤酒,0.14906107870646404
份量,0.13921970966186561
不錯,0.13459835561638636
一送,0.13288842921049573
氣氛,0.13231791177082736
聚餐,0.12353648082184035
牛排,0.09869790917826994
