term,score
完全,0.20732643421310698
介紹,0.16624703265248292
符合,0.14997831953714458
服務人員,0.14148575278635303
特別,0.13217588043735712
服務生,0.09281207077039969
米其林,0.05211053510956848
以及,0.048305194584300534
深刻,0.04679034745289082
整體,0.0457168205456118
一杯,0.04392010191729782
那杯,0.03903721556649974
甜點,0.02591808071519565
餐酒館,0.013655508846667386
再來,0.013655508846667386
杯酒,0.006882036229051869
清爽,0.0010717391786204539
