term,score
文青,0.2096429364411841
小店,0.20018848019660015
清爽,0.17323734887462494
只有,0.15569489334042655
店內,0.15351357515217515
份量,0.13537617248042888
風格,0.0872911084752431
醬汁,0.08331110483668384
調味,0.07511181826330636
豆乳,0.072573695114951
位置,0.03236421857337353
內用,0.01618635231092734
100,0.012898821305410119
