term,score
點餐,0.49993952126165164
找到,0.3751131431098155
方式,0.3717490718545357
不少,0.3533058789836862
時間,0.297299971326915
位置,0.27231707500592606
用餐,0.24919513279228167
