term,score
知道,0.24984610401773896
一碗,0.17294773914573863
一下,0.059339492054124136
30,0.052066770613887724
好喝,0.04770097497445577
湯頭,0.04030471301792318
叉燒,0.03708505129512557
口感,0.01748894384322154
