term,score
湯頭,0.2542921887863507
濃郁,0.2409904189396194
唐揚,0.20624932496305096
雞肉,0.1830599087487654
口感,0.14138726535008536
白湯,0.13173963918198534
整體,0.12975665635669267
用餐,0.11964616786107546
座位,0.11422696157891499
推薦,0.11067907928191792
魚燒,0.1047463395493005
炙燒,0.09728235438478564
260,0.09008619054972532
滿足,0.080227102244448
731,0.080227102244448
