term,score
唐揚,0.1915269411397876
濃郁,0.15286120647958035
雞肉,0.11989149292622214
整體,0.11651396179639587
用餐,0.11169934029952305
座位,0.10772941374079653
魚燒,0.0941383631838453
鳥人,0.08623850259202617
白湯,0.08533163713374115
260,0.08104339242946015
推薦,0.075671194704472
滿足,0.06993988492564879
731,0.06993988492564879
炙燒,0.06496429502268437
拉麵,0.04570516188417692
軟嫩,0.024840798886174395
