term,score
甜點,0.1157413844780499
食材,0.012477962438701348
