term,score
前菜,0.21477918909913546
推薦,0.20068735753865524
很棒,0.1994872375097793
值得,0.17955837819827097
美味,0.13024573573692622
