term,score
炒飯,0.20665357270602752
高麗菜,0.14576103842361177
裝潢,0.08200182006697224
羊肉,0.07193717322517824
