term,score
用餐,0.3333333333333333
份量,0.3333333333333333
