term,score
用餐,0.19593078047489126
份量,0.11837477829364104
調味,0.08109630869218942
炒麵,0.07963450236907138
出菜,0.07353526682890092
