term,score
份量,0.09644447776202393
小店,0.09535012304279888
不會,0.09303269211016404
控肉,0.0927466755141175
健康,0.07848400826864413
喜歡,0.07773491733160037
美味,0.07681757520803281
調味,0.07557529104491573
家常菜,0.07450096203524091
入味,0.07349525281127531
菜量,0.06520585406825717
清爽,0.06494199582492616
推薦,0.06392647617544966
附湯,0.06324953727927993
太油,0.06305406158142081
黑胡椒,0.059999708064948545
