term,score
一下,0.2137434748787781
直接,0.18844429894858994
便宜,0.16667716122644843
看到,0.16354961473933893
個性,0.1225479213413125
出來,0.0937726404033654
問題,0.07456894933738134
評價,0.07411951731691002
不算,0.07006745642665684
打電話,0.06903623574558794
不會,0.06693990993954735
這是,0.060957711046459404
時間,0.05997023617591436
以上,0.051632659025164514
根本,0.03927256041166728
家常,0.02496148021718024
