term,score
排骨,0.236397246967124
炒飯,0.21489660079654468
一樣,0.1835944595724618
雞腿,0.16798773642107356
炒麵,0.1285668094754615
問題,0.09890382750973722
柳橙汁,0.07323752586399054
一次,0.04825290771771004
口感,0.04374392226252949
不會,0.032815356347112634
內用,0.02518627283579264
