term,score
飲料,0.15011530848547333
家常,0.13943517646285883
配菜,0.13015657064089092
份量,0.1134204284318394
雞排,0.09308847279766047
很大,0.08495313209831788
酥脆,0.08174316255387364
不差,0.07804745359868107
cp,0.0766888567210418
附近,0.0660819240055953
選擇,0.03644355231240747
便當,0.0336488507696336
白飯,0.01117423715034806
醬油,0.004702254621868549
肉質,0.004702254621868549
