term,score
整體,0.2326387500790869
炸雞,0.1590593640388159
薯條,0.15544375529843427
美味,0.12021414390831561
那麼,0.11564925901200997
奶油,0.10675928387556154
分享,0.09629355780578727
附近,0.09220615466958348
濃湯,0.08140403611171448
用餐,0.07248336526203737
搭配,0.07023670903651509
下次,0.043396727873990126
漢堡,0.02863285612922628
份量,0.016952019472271207
義大利麵,0.01612061597256853
