term,score
美式,0.19347902313936954
氣氛,0.13399213434347834
一般,0.0846018704828704
大家,0.082604374805549
很棒,0.08175122660963312
晚上,0.08141878232328122
牛肉,0.07358171550605754
聚餐,0.07337824974430138
現金,0.07278768645476848
多汁,0.07050111948568885
店內,0.056805521606465945
雖然,0.055799278085299345
