term,score
時間,0.023651426780476513
結帳,0.01998631171271312
點餐,0.017879281775964193
尚可,0.01744237833492203
另外,0.016378044178908386
