term,score
溫馨,0.023772594274159165
美味,0.02326867102229762
美食,0.02267637929831213
喜歡,0.02046630614598047
午餐,0.019428818791241177
