term,score
頗慢,0.4082482904638631
速度,0.4082482904638631
玉米,0.4082482904638631
濃湯,0.4082482904638631
普通,0.4082482904638631
上餐,0.4082482904638631
