term,score
濃湯,0.4178508529126008
五花,0.2630619956210676
cp,0.2494474044936197
適合,0.0923602367133338
