term,score
氣氛,0.16003319409995162
朋友,0.14004598109400185
唐揚,0.13661618821505037
義大利麵,0.12142530111486434
自助,0.10980551261359613
推薦,0.1030648423330458
很棒,0.0971925863996244
服務態度,0.08742437136149661
再訪,0.08623767034682647
餐酒館,0.08367683035882685
舒服,0.0824806806992727
點了,0.08034368156828564
