term,score
選擇,0.30351487226549095
凱菲屋,0.12705185960661308
第一次,0.11202429211787315
使用,0.0801897992311617
鮭魚,0.07550130427607424
用餐,0.06509476295655296
熟食,0.04119950679614875
師傅,0.03551480812257107
時間,0.0319668514864891
烤物,0.029445329196454748
甜點,0.022949949995833066
食材,0.016735895065324177
壽司,0.012098770176482115
