term,score
炒飯,0.16014596331456443
雖然,0.1572708878464962
分鐘,0.11309704298884554
希望,0.11309704298884554
速度,0.11309704298884554
上菜,0.09348919985159063
