term,score
炒泡,0.15160883936409564
氛圍,0.15160883936409564
好喝,0.13437982649271607
地方,0.11239315308958583
