term,score
炒泡,0.1764705882352941
氛圍,0.1764705882352941
好喝,0.15924157536391453
地方,0.15924157536391453
