term,score
沒有,0.3612197687141816
用餐,0.30713286850208205
體驗,0.29985256649077774
舒芙蕾,0.27919077012808624
主菜,0.25924669802430883
特別,0.24141330437197311
一般,0.23646924756979076
