term,score
印象,0.18135289184512426
介紹,0.17478623605294644
搭配,0.1610598200071656
服務生,0.15389734998008153
每道菜,0.15240099065767398
還是,0.1296572939721261
上菜,0.1158459343931289
其他,0.11460611043978798
舒芙蕾,0.10509116913197318
奶油,0.10188860001135722
朋友,0.10093747795676444
整體,0.08906878112497796
