term,score
可麗餅,0.27286247812998937
體驗,0.22958582561464272
呈現,0.22244455613372174
口感,0.1982953174218715
酥脆,0.18760898492917213
主廚,0.11261079525678942
泡泡,0.11089006238627036
經典,0.11017807310031918
用餐,0.10375928255548698
起司,0.09946838763385257
巴黎,0.0926766494424845
容易,0.08492129588643399
薄餅,0.07977968378374768
焦糖,0.07526944420442719
冰淇淋,0.07360658236378738
草莓,0.06573782490281241
香草,0.05412803356775302
蕎麥,0.05047046684725248
布列塔尼,0.04721072266899083
