term,score
知道,0.2816722275114394
滷肉飯,0.07080123574817448
水準,0.033891684306643646
點餐,0.027676254958960006
