term,score
還不錯,0.2727272727272727
排骨,0.2727272727272727
