term,score
便當,0.1876936231344636
排骨,0.13334817762075307
一樣,0.032040640250121544
