term,score
點了,0.2852790607771108
沒什麼,0.2563951817383163
需要,0.25635679590778876
火鍋,0.2486809075462229
特別,0.22753762739021408
一人,0.10395081052944588
鍋底,0.10296203012996029
豆腐,0.09923694593864495
唯一,0.09105473434268492
牛肉,0.075348384637417
500,0.07275109491860995
用餐,0.043403431738540624
