term,score
麻辣,0.30988173961676463
推薦,0.14824513636685044
牛肉,0.1293885989485714
小辣,0.11260422340288041
新鮮,0.11198066421584973
用餐,0.10292316604934137
起來,0.1004591351700645
舒服,0.09473006426702897
食材,0.09451793025348014
鳳爪,0.08956252340410681
不錯,0.08403641543852228
血豆腐,0.07799897555987757
湯頭,0.07684346958366887
入味,0.07470936774967346
500,0.0744007675280577
雞爪,0.07022392787954405
入口,0.06549638902935487
中午,0.06315687989801828
中藥味,0.05867144002788887
