term,score
炒年糕,0.14120688273427215
份量,0.0917623626864858
烤餅,0.08115394085079192
沙拉,0.0774666435949221
森林,0.06396418659575272
位置,0.06240452420896138
咖啡,0.06133602105196888
公園,0.05231235509903204
點了,0.05169139751843077
下午,0.04748209032630653
兩層,0.04716280833670544
飲料,0.04236995827276313
一杯,0.035959613808625016
喜歡,0.02021606733906295
千層,0.015803253149303344
好喝,0.014573217727079063
老宅,0.013595896049043897
氛圍,0.007647076865539851
