term,score
蒸蛋,0.3938007810031003
肉羹,0.12645489961846096
增湯,0.06804364910659662
小菜,0.02839747640460792
