term,score
口感,0.13238232374169256
不會,0.13128779131932583
秋刀魚,0.1274098262504254
甘露,0.1274098262504254
湯加,0.12145007413783335
香菇,0.07813984910778043
紫米,0.07694235436487146
清爽,0.07619755961336493
剛好,0.0743728810613408
乾淨,0.07258755063230271
這次,0.0697029150960812
肉燥,0.06936326140334292
香氣,0.06441835065023513
層次,0.061793809535745564
貢丸,0.051771538021134676
感受,0.04574155407159314
油飯,0.03444609961738171
