term,score
健康,0.246124428984063
餐盒,0.1756516849494824
蔬菜,0.17394507374109774
用心,0.1285355965744718
喜歡,0.11417501541612624
調味,0.09743754993208231
美味,0.09172425607294593
選擇,0.09164513053826756
紅豆,0.09161015119101872
今天,0.08510433892095422
口感,0.08437995697151668
檸檬雞,0.07741696752434335
150,0.07741696752434335
不要,0.05917070852807316
