term,score
建議,0.22503705029988144
氛圍,0.1522248228796939
外國人,0.10309225572194175
薯條,0.10198735853768225
運動賽,0.1004824166198572
風味,0.06305414098746702
螢幕,0.05271732329542106
活動,0.04320840772472846
撞球,0.042132886565256246
很大,0.03459420673677992
整體,0.03278399886134854
用餐,0.032613025018564404
沙拉,0.027175978401348694
份量,0.022079009749330705
好喝,0.005457799103514321
