term,score
氣氛,0.17305363047737743
啤酒,0.15188302146781632
酒吧,0.10905582596216079
拼盤,0.09757640417271149
適合,0.09724812336142423
聊天,0.09093339773134343
炸物,0.08750213387587324
播放,0.08034432050979412
英式,0.07865810486405295
大家,0.07586330738841421
喝酒,0.06617040036550384
美式,0.06573431618570572
店內,0.049194664338317456
調酒,0.03786956618020941
