term,score
建議,0.4417412511391612
用餐,0.43623290524936964
沙拉,0.3650439389417475
提拉,0.3630554250196266
檸檬酒,0.27205095169859644
