term,score
牛肉,0.1844696156994417
香菜,0.13527953265209597
滿滿,0.12659780236507576
湯頭,0.08060213753036849
綁頭,0.08037784033392169
知道,0.05786824235226867
拉麵,0.05051239707953881
牛肉麵,0.01415450503581897
紅油,0.009704344409649499
整體,0.006939713879568904
店面,0.0031995318131835676
油潑,0.000945870314166701
