term,score
廚房,0.026141353548633447
態度,0.025343092768704556
咖哩,0.02392691796455404
用餐,0.02265416654598194
時間,0.02085344097597777
