term,score
值得,0.026162732821991042
日式,0.025967357111683326
飲料,0.024174575760066985
用心,0.022752968460854506
湯品,0.022658423333429194
