term,score
店內,0.3719860803541364
分鐘,0.2222547472821426
青醬,0.21936261711315366
第一次,0.21377918374302296
提拉,0.09536235102991193
飲料,0.08298799522055084
奶油,0.07324813962747925
特別,0.06686967080874437
整體,0.04380972298841844
濃湯,0.004255314192658066
