term,score
牛肉麵,0.19471989366884668
另外,0.18842769802652856
調酒,0.14009577903231074
任何,0.11786124739527747
牛肉,0.10551827319980943
薯條,0.0883500713251738
軟嫩,0.08683819114870246
地方,0.08379450623055823
台北,0.06751081971210514
朋友,0.03249315826458299
酒店,0.03246621672817107
00,0.027799192752304233
選擇,0.01244399852705605
