term,score
適合,0.14677446493522286
湯頭,0.13602639373314437
舒服,0.09956342681222355
親切,0.09945737188483755
君悅,0.09878007218231273
需要,0.0918904145905719
cheers,0.0893934053130723
飯店,0.0890186434844466
口感,0.08292638797752902
事情,0.07483778956659858
用餐,0.07246308451903312
水準,0.06034850781335559
舒適,0.055699931374710965
歡飲廊,0.04038053780869741
聊天,0.023393300298202135
新鮮,0.0078002690189600404
