term,score
特別,0.36311586838850163
一道,0.23351559907253444
不用,0.2269315846843819
裡面,0.22573568620879567
雖然,0.2221407905690525
主廚,0.21225206327597984
鮭魚,0.21112198083573608
咖啡,0.2077968179512228
用餐,0.196845781457835
提拉,0.19223521253207687
鈴薯,0.17207277122860884
炸蝦,0.17023612046500658
吐司,0.0905316142663259
搭配,0.07043524261613252
疙瘩,0.030359517468421915
