term,score
布丁,0.40491195037996297
下午,0.23883695560738624
一位,0.22434759205008636
服飾,0.1796079967504532
親切,0.1128028857307359
