term,score
咖啡,0.25955478642238683
奶茶,0.17795339068119875
衣服,0.15442794413250038
好喝,0.13156190749145463
甜點,0.1025808354429127
布丁,0.10130832553997388
伯爵,0.1006702039756119
適合,0.09823977958627989
親切,0.08885312669242211
二樓,0.08490271026975833
拉花,0.08462682441215298
蛋糕,0.08168191439701554
還有,0.07883313156471043
服飾,0.07311237215387563
空間,0.07269488866074661
一樓,0.06232019585724942
看到,0.05927808657442592
店員,0.05726834010008493
舒適,0.056214557828138244
