term,score
回訪,0.45427708000017175
店裡,0.41407351963007594
東西,0.4040585641906429
調酒,0.2167056289712483
來訪,0.20901275672466918
好喝,0.10859054314012229
