term,score
氣氛,0.17994349538613252
很棒,0.13787398937455628
份量,0.13662459135084304
氛圍,0.11728596095442764
整體,0.09211575546179976
適合,0.09200782352735488
推薦,0.08323349847199982
服務態度,0.08125377834236487
義大利麵,0.07910524547305904
