term,score
完全,0.2635065740200449
沒有,0.2564513638945114
用餐,0.21277191327061706
知道,0.2100850165188934
時間,0.20354345068491328
客人,0.2000412294926875
羊腿,0.14800753195948144
烤羊,0.14800753195948144
還要,0.13863263312016344
問題,0.13410223275293928
不要,0.13410223275293928
明顯,0.10840087387678445
