term,score
看到,0.2356426067036141
蛋餅,0.2129612583007561
整體,0.12900274989934965
酸菜,0.100388366620744
吃過,0.07144652490929825
不會,0.05478593551365561
油條,0.043439164971996264
分明,0.030766146263190394
粒粒,0.030766146263190394
喜歡,0.015997090650406533
