term,score
紫米,0.18151606159753014
油條,0.14928261029461382
美味,0.14707194218621877
口感,0.14142406613644057
早餐,0.13995418118367486
店家,0.13717793916590004
推薦,0.12812188927432994
蛋餅,0.10149939487903059
份量,0.08973041697956367
不會,0.08631218483798223
一般,0.0702359863001499
飽足感,0.06812303519933151
太甜,0.050749697439515296
