term,score
好喝,0.17298766164203488
不錯,0.154126616722193
咖啡,0.14952486210198657
適合,0.11791353110003336
英文,0.11784458257891574
空間,0.10770272704576953
親切,0.10650695687299817
插座,0.10049509888131018
手工,0.09757877577149277
活動,0.09256992245656706
很棒,0.08906714885737613
飲料,0.08905761104268893
二樓,0.07665824774098505
wifi,0.07619653738774079
很多,0.07506463064764292
沒有,0.07493051905048186
pizza,0.07355118835235101
舒服,0.05722599341046268
一樓,0.05499939657261247
