term,score
雞肉,0.2006011052851173
整個,0.18343492994226882
比司,0.12837216349409633
時候,0.12784055101782407
看到,0.12323043699671941
口感,0.10733232058353952
套餐,0.08800001448291435
popeyes,0.06779342821252117
身高,0.06639825109708229
剛好,0.058277317158934555
問題,0.05789970424466878
友善,0.057493836933249456
沙拉,0.0511598044594843
高麗菜,0.0511598044594843
爽脆,0.04712568303765793
肯德基,0.03801669469449129
2025,0.02834330755920666
完全,0.023764589677660666
雖然,0.008738461424514454
點餐,0.0071589610305642926
