term,score
喜歡,0.12020929516522906
美食街,0.12018298772280918
排隊,0.09304450658112609
朋友,0.08345747508316866
不會,0.08304595671301009
漢堡,0.0784655967264343
多汁,0.07325745589774466
炸雞,0.05474920678727402
101,0.045058087744220585
薯條,0.04264202449646218
辣味,0.040758074891876855
布里,0.03700224656806019
整體,0.032228251036378545
位置,0.027367023980288563
歐雞腿堡,0.021897086602161428
一塊,0.019534042283464566
點餐機,0.0011034028597342038
