term,score
喜歡,0.291371480582871
集團,0.1949262716356841
萬豪,0.18544791970933788
入住,0.15282015618381506
飯店,0.14447072998513846
酒店,0.13009913589352845
人員,0.10910012483399914
hour,0.08853832167599754
方便,0.06872363359724805
happy,0.053874780894610994
這個,0.04408868540705629
知道,0.03857502476067541
看到,0.02430913182645654
浴缸,0.01679607599183422
房間,0.005573189341222251
選擇,0.0006650489148599947
