term,score
用餐,0.1150988457019076
舒適,0.10029111852280528
相當,0.08711214351228476
親切,0.08483765751265182
停車場,0.08470722161767412
住宿,0.08350336928227187
整體,0.08030254984677287
一樓,0.07003150781016383
服務人員,0.06815447049040621
慕軒,0.06702320397648273
不同,0.05914777246301059
免費,0.05914777246301059
台北,0.05420829750307924
二樓,0.053716687382130916
雖然,0.04996191350254329
地點,0.02411486384750961
早餐,0.009011279888299334
