term,score
結帳,0.38403857483541265
座位,0.14079210367981798
東西,0.12970070045957904
服務人員,0.09610165631534992
特別,0.043921329695647285
點餐,0.038745977703279755
平板,0.03710252884221332
這是,0.020586324524067598
