term,score
定食,0.2510363107159256
份量,0.1332623331565795
蔬菜,0.08550091650434805
套餐,0.07200208595715846
用餐,0.06710310221056852
白飯,0.031863221466921526
速度,0.012399823041062852
