term,score
雖然,0.5019380245047551
特別,0.35900704543769646
咖啡,0.2048815849863842
想要,0.17661120503704114
三明治,0.11032184495438928
喝杯,0.06108666521833487
只有,0.04097225481246056
茶葉,0.028301115813146302
一下,0.0279413179585834
