term,score
司康,0.14044622288080433
舒服,0.13922764064516904
紅茶,0.10772012305795653
適合,0.1075141966998887
茶香,0.10478099861273305
座位,0.09021699827661184
大稻,0.08106003174275124
各式,0.0766208777054361
喜歡,0.07610516797008866
推薦,0.07037116164820031
口感,0.06975750482769447
裝潢,0.05860831333712274
喝茶,0.05677797050436391
整體,0.020983514361395547
享受,0.011689700717012502
