term,score
草莓,0.16706711328317828
蛋糕,0.15166028953352623
便宜,0.08377946914235118
直接,0.037776377934589184
附近,0.028915685220512535
喜歡,0.021786604171412302
