term,score
蛋糕,0.6638045950368561
水果,0.3035138776138945
奶油,0.18507179369825522
