term,score
蛋糕,0.4004360855363089
甜點,0.24390866218114685
水果,0.23277866839052747
咖啡,0.2294263295860649
奶油,0.21937320382251435
下午,0.1269580974037479
搭配,0.08311178651662185
推薦,0.07660741846519079
