term,score
居酒,0.5389651119200318
不會,0.5327025245784176
推薦,0.4281174066262414
