term,score
明太子,0.16930677230142216
炸雞,0.15360085442070537
推推,0.15355362979756365
親切,0.12366915849915064
軟骨,0.1057922060425319
毛豆,0.10575487240290243
酒屋,0.10181539476328802
入味,0.08693423767324876
搭配,0.07648042048500525
