term,score
菜量,0.2705613203330035
配菜,0.15931396174553747
青菜,0.03972604253244054
雞腿,0.028794321354685987
一樣,0.02679619752949461
直接,0.01780345822701046
