term,score
便當,0.31251686559057457
起來,0.2011348476311989
調味,0.1469462968100063
今天,0.144246896936109
配菜,0.1335399343456949
蔬菜,0.12981690965293527
第一次,0.11990688205162328
健康,0.11775829692005223
炸雞,0.11621519548706657
很多,0.1053102231332752
乾淨,0.0912134664244199
內用,0.08888896500930932
