term,score
uber,0.26033910016908896
便當,0.12657002353994054
外送,0.07478900946350225
建議,0.06990332191754196
今天,0.03875833013103483
餐盒,0.03248826461659199
高麗菜,0.028664124561648824
