term,score
健康,0.22802568859311284
食材,0.1774147289878172
用心,0.1322242473116709
份量,0.09567793954397763
蔬菜,0.01994168039473672
