term,score
健康,0.2781497609045066
餐盒,0.26751233596418655
份量,0.17856068731948055
食材,0.1777951104028799
起來,0.1663404741701302
很多,0.14516478623460283
用心,0.13606749462983053
