term,score
用餐,0.41090121398323204
不同,0.2806474109109272
蔬菜,0.23797606438390195
健康,0.16291231375568588
