term,score
什麼,0.3007896423540608
拿到,0.26824595137478835
想要,0.23570226039551584
