term,score
分鐘,0.5247387679295461
兩個,0.5198788564318144
值得,0.4682180273726071
排隊,0.2847322938705595
