term,score
選擇,0.4954609602503926
座位,0.4666466160938792
cp,0.4658302852346585
二樓,0.429332404221048
