term,score
咖哩,0.21151479995863298
雞排,0.1968866871520197
高麗菜,0.1425950786974906
選擇,0.1395113036104629
口感,0.06314076003062394
飲料,0.05504894800673689
酥脆,0.019212478523385035
肉質,0.0012887040201241054
