term,score
豬排,0.15066615287623542
101,0.150042639015257
套餐,0.14754962991196577
整體,0.10971875657699942
三明治,0.09832433783821208
一份,0.06562873451693206
不會,0.05003616506000683
一口,0.04256575585384678
一般,0.01100817613854109
小菜,0.00428021597545461
腰內,0.00015700932985544813
