term,score
花園,0.42640143271122083
洋房,0.42640143271122083
這棟,0.21320071635561041
費用,0.21320071635561041
裡面,0.21320071635561041
算不算,0.21320071635561041
確實,0.21320071635561041
知道,0.21320071635561041
漂亮,0.21320071635561041
建築,0.21320071635561041
太行,0.21320071635561041
大概,0.21320071635561041
唯一,0.21320071635561041
味道不好,0.21320071635561041
便宜,0.21320071635561041
一半,0.21320071635561041
