term,score
套餐,0.3093455338405784
玉米,0.19124341580798704
這次,0.1846596127382929
或是,0.16079556710663465
加上,0.16079556710663465
份量,0.14499397189151875
鮑魚,0.11919799026804478
鐵板,0.11127416603664722
食材,0.10325954428028739
只有,0.09817163183991717
米其林,0.08347001103388028
驚艷,0.08203852996069433
日本,0.08067224014496724
美味,0.07698560094069304
之前,0.07531673458552393
雖然,0.07411891185902329
不會,0.07179616502155672
完全,0.06775508865970623
甜點,0.009987974028280722
整體,0.00835977926862555
