term,score
這次,0.5026125699594465
20,0.46744316844604217
甜點,0.4580932742252812
用餐,0.3313825831789272
