term,score
孩子,0.17223500899228508
便宜,0.1075804230295963
親子,0.04837546511968048
大人,0.04813758729490067
工作,0.019156824722625795
人員,0.014644863915281192
