term,score
設施,0.1742705221285408
空間,0.14960920139494252
小孩,0.1284823161955298
乾淨,0.1216335577303827
門票,0.11920001463269782
放心,0.0947836933321084
聊天,0.09348492059359942
下午,0.08080746378637049
值得,0.07971714978121891
