{
  "negative": {
    "precision": 0.8571428571428571,
    "recall": 0.42288049029622066,
    "f1-score": 0.5663474692202463,
    "support": 979.0
  },
  "positive": {
    "precision": 0.867898059387421,
    "recall": 0.9817508595609628,
    "f1-score": 0.9213204269049392,
    "support": 3781.0
  },
  "accuracy": 0.8668067226890757,
  "macro avg": {
    "precision": 0.8625204582651391,
    "recall": 0.7023156749285917,
    "f1-score": 0.7438339480625927,
    "support": 4760.0
  },
  "weighted avg": {
    "precision": 0.8656860125392218,
    "recall": 0.8668067226890757,
    "f1-score": 0.8483123332971001,
    "support": 4760.0
  }
}