{
  "negative": {
    "precision": 0.7653162055335968,
    "recall": 0.7201301720130172,
    "f1-score": 0.7420359281437126,
    "support": 2151.0
  },
  "positive": {
    "precision": 0.7800511508951407,
    "recall": 0.8180076628352491,
    "f1-score": 0.7985786422292874,
    "support": 2610.0
  },
  "accuracy": 0.7737870195337114,
  "macro avg": {
    "precision": 0.7726836782143687,
    "recall": 0.7690689174241332,
    "f1-score": 0.7703072851865,
    "support": 4761.0
  },
  "weighted avg": {
    "precision": 0.7733939638603411,
    "recall": 0.7737870195337114,
    "f1-score": 0.7730328791547083,
    "support": 4761.0
  }
}