term,score
時間,0.4828427124746191
不是,0.4828427124746191
