term,score
便當,0.21607952778951456
健康,0.17495881001791924
配菜,0.14643022234126793
調味,0.13064854157501715
紫米,0.12250176317725951
不會,0.1156811429728594
特別,0.11355812613430682
還不錯,0.11121100335900588
口感,0.11064097700342111
牛腱,0.10896293612688321
份量,0.10832268584996275
餐盒,0.10352134539309141
營養,0.10100632005539895
胸肉,0.10011805242265492
適合,0.09859737573289029
泰式,0.09581680027307177
拋雞,0.09581680027307177
中午,0.09257164890033875
只有,0.08513753246483667
起來,0.08504785184206584
蒜泥,0.08325748890082327
