term,score
三明治,0.6575959492214292
總匯,0.4931969619160719
這說,0.1643989873053573
這樣,0.1643989873053573
這應,0.1643989873053573
肉蛋,0.1643989873053573
肉片,0.1643989873053573
生菜,0.1643989873053573
理解,0.1643989873053573
無法,0.1643989873053573
最空虛,0.1643989873053573
是豬,0.1643989873053573
吃過,0.1643989873053573
只有,0.1643989873053573
