term,score
點了,0.3779644730092272
紅茶,0.3779644730092272
知道,0.3779644730092272
我鮮奶,0.3779644730092272
實在,0.3779644730092272
外送,0.3779644730092272
100,0.3779644730092272
