term,score
蛋餅,0.1674746784881117
離開,0.13287627535011448
今天,0.12051102417201162
份量,0.08388403490490887
品質,0.0457021547271471
外帶,0.04540785365123523
希望,0.006196446285387756
