term,score
親切,0.30735611028270926
店員,0.21844541309130114
麥味,0.19262200906520008
早餐,0.18806282748162728
點了,0.16328658639973123
發現,0.14115966694712903
空間,0.12959816134113575
舒服,0.12661439453253986
舒適,0.12149916440448894
用餐,0.12149916440448894
