term,score
一杯,0.2461246594864283
時間,0.23367355344120977
170,0.21224439318105062
店內,0.09985480270111213
200,0.08845854100691752
下午茶,0.06657676731611614
蜂蜜,0.06268082097763245
朋友,0.06042393652251388
冰淇淋,0.05454783975715148
座位,0.05127057319005268
奶油,0.04648838409776371
下午,0.04531372254118281
150,0.04055499884277946
插座,0.026084536319985058
鬆餅,0.0007833712250393254
