term,score
不算,0.19165693969094263
南瓜,0.18506173304448628
口感,0.1815325702004968
濃湯,0.1368763361403248
搭配,0.08247978744831923
完全,0.07934151825447687
用餐,0.07293638432525032
飲料,0.058728077429804175
起司,0.04040047571241451
套餐,0.02323128969216732
