term,score
義式,0.17990972623331009
青醬,0.17799225423988524
鮭魚,0.1542195806118965
點了,0.10331583175186564
午餐,0.09858106699667141
紅茶,0.07865890745261442
cp,0.057617385615927455
義大利麵,0.034008475376315045
商業,0.03166259922222092
