term,score
已經,0.5066110005793615
飲料,0.24941667430257908
完全,0.1770322267658328
用餐,0.15507297059015712
不會,0.14791368605003716
點餐,0.10110954007011252
套餐,0.085042235098926
