term,score
莫凡,0.12114478519223087
美味,0.1086489832364808
咖啡,0.0994774179106532
雖然,0.09707745496834819
上面,0.09557679894330556
地方,0.08654057047381279
平日,0.08315986294110227
義大利麵,0.08034638500523399
選擇,0.07876367207646384
牛肉,0.07430270404404325
一家,0.07257914328295348
朋友,0.07193780450338805
家庭,0.06987612012414356
份量,0.06190946305169297
甜品,0.055168614451059486
甜點,0.05424841173454176
