term,score
10,0.22441933965838196
期待,0.22285339860769218
特別,0.2157728803439704
