term,score
魚肉,0.3779644730092272
連續,0.3779644730092272
套餐,0.3779644730092272
單人,0.3779644730092272
不斷,0.3779644730092272
三貫,0.3779644730092272
50,0.3779644730092272
