term,score
食材,0.29907274713892135
師傅,0.22407952782246948
美味,0.13173637184675258
一樣,0.1267248631278457
用餐,0.11894216355810383
新鮮,0.11449312859401899
龍割,0.10291148581341045
調味,0.10077033064533483
用心,0.09828550542652498
層次,0.0962337803442384
冰淇淋,0.0909735753569133
講究,0.07862600482464888
