term,score
起司,0.4472135954999579
花生,0.4472135954999579
炸雞燉,0.4472135954999579
漢堡,0.4472135954999579
兩個,0.4472135954999579
