term,score
整體,0.3340502566637365
漢堡,0.31853292033624
肉汁,0.14386931114843024
叔叔,0.13812917424922366
