term,score
完全,0.3735764064828897
體驗,0.2701417491843837
用餐,0.1701650863107726
服務費,0.09432579423071812
男生,0.08432524218626397
雖然,0.0832412268299754
超級,0.07933208506121159
整體,0.07248258941746538
下次,0.06863253468162284
今天,0.04473485703188442
訂位,0.039703414699368084
蔬菜,0.027059547158963762
10,0.023326843100970204
甜點,0.023268882477758185
朋友,0.02158058121320755
不會,0.011887685279460554
