term,score
飲料,0.4299369157305874
吐司,0.24835610382680473
這個,0.16309879109821102
分鐘,0.1520657935083156
哈尼,0.14193860785207726
推薦,0.14053493410421425
時間,0.13671089642074494
香蕉,0.1319661419025546
知道,0.07044473415206254
發現,0.07044473415206254
10,0.059755065721881793
喜歡,0.04156037084880174
用餐,0.03885166695525265
朋友,0.037547517755565724
午餐,0.03640060901630568
再訪,0.03338359730302365
不會,0.03104755313491192
肉桂,0.012185349250236788
