term,score
甜點,0.25297311086003954
牛舌,0.2220008161516224
第一次,0.17862670299707292
特別,0.15610866016004804
值得,0.1458687977667293
朋友,0.12373066199680244
口感,0.11344182863495096
牛排,0.11342968554772366
入口,0.07108091742924724
