term,score
用餐,0.25484791790978056
蟹肉,0.10829199156253402
美味,0.10278797684104488
很不錯,0.09959542496359915
奶油,0.09684140163655999
氣氛,0.090455267778316
喜歡,0.08492017760136639
一道,0.0845625394353571
搭配,0.08129751201290264
花枝,0.07754839710445924
沙拉,0.07176294376226514
蘑菇,0.05822317028542396
空間,0.055264635836887246
披薩,0.055016721385977095
奶酪,0.05466387436997916
舒適,0.05339598602995675
濃郁,0.053304934399716924
濃湯,0.05123783264558996
品質,0.04865709247343382
套餐,0.02137986576571807
義大利麵,0.00269784553142402
