term,score
客人,0.20811502647559788
店員,0.185713824725926
根本,0.17752208364491917
一直,0.15923838692353248
知道,0.1369078288410267
什麼,0.1369078288410267
不會,0.1369078288410267
