term,score
地下街,0.12483614877525621
根本,0.11774048688684592
看到,0.10368878107846019
直接,0.0976738251960304
不會,0.06807606645932214
一直,0.05569728931146232
服務人員,0.03462942428976726
台北,0.025212552182365185
知道,0.010143963504888276
結帳,0.004555321117597766
