term,score
點餐,0.44349627180716755
套餐,0.28669763685688243
用餐,0.27636888016998995
沒有,0.23573203230261197
店員,0.2281189576124975
座位,0.14343038942667855
快速,0.13071431951613166
