term,score
用餐,0.201793448094471
時間,0.176282788854707
分鐘,0.13295447977718539
義大利麵,0.12189496131991033
前菜,0.10589424626918185
速度,0.10398052654349407
牛排,0.09781967296405289
只能,0.09454699981758502
需要,0.09454699981758502
第一次,0.05454302676866708
疙瘩,0.05144144082500694
朋友,0.03026468286165014
份量,0.026630416769520618
值得,0.01889609155424264
驚艷,0.017525846721564264
餐酒館,0.009259165724221953
當天,0.007912288032688203
一道,0.004355206180368457
