term,score
飲料,0.15988773992642077
pizza,0.08833839623424129
朋友,0.07550387374928502
不會,0.07405627941915406
多種,0.07390817729993411
明果,0.07290927881354674
提供,0.06669574272122411
口感,0.06372758670592762
棉花,0.05078451829970025
巧克力,0.05078451829970025
cp,0.047484119801315054
這次,0.04056054757623841
冰淇淋,0.02090126128666686
