term,score
第一次,0.47858373453643543
特別,0.4728266786270606
滷味,0.4522106537548721
入味,0.37720516746856037
