term,score
知道,0.31723389467948443
出餐,0.23962425598002823
沙拉,0.20416979918874173
整體,0.1674917806529569
好喝,0.1531023886668997
不會,0.11943129422291908
當天,0.1055413636452278
直接,0.09778317551653132
用心,0.08439151185070361
氣氛,0.04836600403722933
值得,0.029313313911515447
窗邊,0.023525586776474573
座位,0.005027737632465459
聚餐,0.0012630131342037387
